EVI_mean,MSAVI2_mean,MSI_mean,NDVI_mean,NDWI_I_mean,NDWI_II_mean,NMDI_mean,NMDI_temp_mean,Date,EVI_median,MSAVI2_median,MSI_median,NDVI_median,NDWI_I_median,NDWI_II_median,NMDI_median,NMDI_temp_median,EVI_mode,MSAVI2_mode,MSI_mode,NDVI_mode,NDWI_I_mode,NDWI_II_mode,NMDI_mode,NMDI_temp_mode,EVI_min,MSAVI2_min,MSI_min,NDVI_min,NDWI_I_min,NDWI_II_min,NMDI_min,NMDI_temp_min,EVI_max,MSAVI2_max,MSI_max,NDVI_max,NDWI_I_max,NDWI_II_max,NMDI_max,NMDI_temp_max,EVI_std,MSAVI2_std,MSI_std,NDVI_std,NDWI_I_std,NDWI_II_std,NMDI_std,NMDI_temp_std
1.61,0.76,0.66,0.65,0.44,-0.62,0.56,0.63,2017-04-24,1.69,0.85,0.65,0.70,0.46,-0.66,0.56,0.63,1.69,0.91,0.65,0.78,0.44,-0.67,0.56,0.63,-12525.00,-14.68,0.08,-0.98,-0.99,-1.00,-88.76,-219.63,19655.00,1.00,348.00,1.00,1.00,0.99,220.53,82.38,19.36,0.20,0.64,0.21,0.22,0.17,0.21,0.15
1.64,0.79,0.65,0.70,0.48,-0.65,0.57,0.64,2017-05-11,1.66,0.92,0.63,0.79,0.53,-0.70,0.58,0.64,1.66,0.92,0.63,0.82,0.57,-0.72,0.58,0.64,-9340.00,-15.77,0.09,-0.99,-1.00,-1.00,-76.10,-87.00,20775.00,1.00,4772.00,1.00,0.97,0.99,87.90,77.00,6.51,0.27,2.52,0.22,0.23,0.18,0.23,0.18
1.80,0.82,0.60,0.74,0.56,-0.69,0.60,0.64,2017-06-20,1.81,0.92,0.53,0.82,0.63,-0.73,0.61,0.64,1.81,0.92,0.53,0.86,0.68,-0.78,0.61,0.64,-7975.00,-27.17,0.13,-1.00,-1.00,-1.00,-86.53,-41.45,16160.00,1.00,710.00,1.00,0.88,1.00,42.35,87.43,5.94,0.37,2.93,0.20,0.20,0.17,0.16,0.12
1.78,0.75,0.63,0.65,0.49,-0.62,0.55,0.60,2017-07-20,1.84,0.83,0.62,0.75,0.56,-0.68,0.61,0.61,1.84,0.92,0.62,0.86,0.65,-0.74,0.61,0.61,-15225.00,-18.20,0.17,-0.99,-0.99,-1.00,-49.47,-0.99,21025.00,1.00,442.00,1.00,0.86,0.99,9.65,50.37,19.73,0.26,1.32,0.25,0.19,0.18,0.13,0.07
1.63,0.74,0.82,0.67,0.45,-0.64,0.54,0.58,2017-07-30,1.64,0.92,0.69,0.82,0.57,-0.72,0.54,0.59,1.64,0.92,0.69,0.93,0.68,-0.81,0.54,0.59,-8415.00,-34.70,0.19,-1.00,-1.00,-1.00,-70.10,-109.00,8100.00,1.00,861.00,1.00,0.97,1.00,109.90,71.00,6.01,0.45,3.26,0.30,0.27,0.23,0.24,0.22
1.67,0.76,0.74,0.68,0.45,-0.65,0.52,0.62,2017-08-29,1.69,0.94,0.69,0.84,0.57,-0.74,0.61,0.63,1.69,0.94,0.69,0.90,0.68,-0.81,0.61,0.63,-7605.00,-28.49,0.17,-1.00,-0.99,-1.00,-62.10,-55.00,12505.00,1.00,528.00,1.00,0.97,1.00,56.16,63.00,6.16,0.38,2.03,0.29,0.29,0.22,0.27,0.22
2.00,0.73,0.74,0.63,0.43,-0.59,0.53,0.63,2017-10-01,2.09,0.82,0.68,0.71,0.51,-0.64,0.54,0.63,2.09,0.92,0.68,0.82,0.61,-0.71,0.54,0.63,-17995.00,-27.07,0.17,-1.00,-0.99,-1.00,-101.00,-105.00,14135.00,1.00,385.00,1.00,1.00,1.00,105.90,93.00,28.46,0.29,2.19,0.25,0.25,0.20,0.26,0.20
2.01,0.64,0.68,0.50,0.39,-0.47,0.52,0.65,2017-10-18,2.77,0.65,0.67,0.52,0.44,-0.49,0.52,0.65,2.77,0.65,0.67,0.55,0.48,-0.54,0.52,0.65,-19915.00,-33.69,0.17,-1.00,-1.00,-1.00,-419.10,-66.03,14380.00,1.00,3101.00,1.00,0.81,0.85,420.00,420.00,65.57,0.18,1.53,0.18,0.17,0.15,0.28,0.21
0.86,0.32,0.44,0.22,0.54,-0.25,0.19,0.80,2018-03-20,1.94,0.31,0.41,0.17,0.57,-0.21,0.27,0.80,1.94,0.19,0.41,0.11,0.82,-0.13,0.27,0.80,-11995.00,-27.68,0.02,-0.99,-0.99,-1.00,-267.43,-69.00,11515.00,1.00,208.00,1.00,0.97,0.99,268.33,268.33,52.42,0.27,0.55,0.20,0.20,0.19,0.34,0.24
1.49,0.46,0.83,0.31,0.25,-0.35,0.32,0.65,2018-03-30,2.03,0.45,0.84,0.29,0.21,-0.34,0.32,0.65,2.03,0.41,0.84,0.25,0.18,-0.32,0.32,0.65,-8475.00,-1.19,0.04,-0.37,-0.73,-1.00,-132.15,-236.69,9215.00,1.00,8.17,1.00,0.94,0.45,237.59,133.05,53.12,0.14,0.20,0.13,0.15,0.13,0.23,0.17
1.03,0.61,0.93,0.46,0.25,-0.52,0.47,0.57,2018-04-06,1.08,0.59,0.92,0.45,0.20,-0.53,0.48,0.57,1.08,0.66,0.92,0.46,0.13,-0.54,0.48,0.57,-8375.00,-8.31,0.04,-0.96,-1.00,-1.00,-69.62,-58.58,10270.00,1.00,5089.00,1.00,0.95,0.99,59.48,70.52,12.50,0.19,2.20,0.19,0.20,0.16,0.17,0.12
1.19,0.61,0.92,0.46,0.25,-0.50,0.46,0.57,2018-04-09,1.24,0.66,0.92,0.46,0.21,-0.51,0.47,0.57,1.24,0.59,0.92,0.45,0.13,-0.53,0.47,0.57,-8270.00,-10.44,0.03,-0.84,-1.00,-1.00,-2681.10,-166.63,7900.00,1.00,2146.00,1.00,0.96,0.99,2291.00,2682.00,13.33,0.18,0.94,0.18,0.21,0.14,1.49,1.48
1.41,0.67,0.82,0.53,0.31,-0.54,0.50,0.61,2018-04-14,1.46,0.70,0.82,0.54,0.29,-0.57,0.52,0.61,1.46,0.70,0.82,0.50,0.22,-0.59,0.52,0.61,-6705.00,-6.38,0.08,-0.76,-0.99,-1.00,-639.10,-85.48,7485.00,1.00,346.00,1.00,0.99,0.72,86.38,640.00,14.25,0.19,0.31,0.19,0.21,0.15,0.36,0.32
1.60,0.72,0.76,0.60,0.37,-0.57,0.52,0.59,2018-04-19,1.61,0.78,0.76,0.64,0.38,-0.61,0.52,0.58,1.61,0.84,0.76,0.71,0.34,-0.61,0.52,0.58,-6230.00,-15.00,0.17,-0.99,-1.00,-1.00,-112.10,-38.70,5270.00,1.00,3487.00,1.00,0.97,0.99,61.40,113.00,4.64,0.21,1.61,0.21,0.21,0.16,0.18,0.13
2.01,0.72,0.73,0.59,0.38,-0.55,0.53,0.62,2018-04-21,2.04,0.80,0.66,0.64,0.41,-0.59,0.54,0.62,2.04,0.83,0.66,0.71,0.43,-0.61,0.54,0.62,-8785.00,-6.70,0.25,-0.81,-0.99,-1.00,-525.00,-525.00,9000.00,1.00,143.00,1.00,0.88,0.90,525.90,33.22,9.33,0.18,0.29,0.19,0.20,0.14,0.29,0.24
2.00,0.76,0.58,0.64,0.49,-0.58,0.58,0.66,2018-04-29,2.03,0.83,0.58,0.70,0.55,-0.62,0.58,0.66,2.03,0.86,0.58,0.75,0.60,-0.65,0.58,0.66,-11345.00,-5.70,0.16,-0.74,-1.00,-1.00,-148.50,-96.75,15180.00,1.00,5205.00,1.00,0.87,0.67,97.65,149.40,8.61,0.19,2.22,0.20,0.20,0.15,0.20,0.12
2.10,0.80,0.56,0.70,0.52,-0.63,0.60,0.68,2018-05-04,2.13,0.82,0.55,0.77,0.59,-0.68,0.62,0.67,2.13,0.92,0.55,0.87,0.65,-0.72,0.62,0.67,-11620.00,-28.30,0.18,-0.99,-0.99,-1.00,-42.16,-201.78,9615.00,1.00,357.00,1.00,0.85,0.99,202.68,43.06,11.03,0.22,0.81,0.22,0.22,0.17,0.21,0.13
1.93,0.80,0.56,0.71,0.52,-0.65,0.59,0.66,2018-05-06,1.95,0.91,0.56,0.80,0.61,-0.71,0.60,0.66,1.95,0.91,0.56,0.89,0.66,-0.74,0.60,0.66,-11565.00,-11.85,0.19,-0.98,-0.99,-1.00,-223.64,-223.64,4350.00,1.00,420.00,1.00,0.97,0.98,224.54,24.76,5.10,0.21,0.58,0.23,0.22,0.18,0.20,0.13
2.17,0.82,0.54,0.74,0.54,-0.68,0.60,0.68,2018-05-14,2.20,0.91,0.54,0.82,0.63,-0.73,0.62,0.67,2.20,0.91,0.54,0.90,0.70,-0.78,0.62,0.67,-13235.00,-11.16,0.16,-0.98,-0.99,-1.00,-71.20,-91.00,10630.00,1.00,455.00,1.00,0.88,0.98,91.90,72.10,9.13,0.20,0.41,0.22,0.23,0.17,0.21,0.12
2.03,0.82,0.53,0.73,0.55,-0.68,0.60,0.67,2018-05-21,2.06,0.90,0.48,0.82,0.63,-0.73,0.66,0.67,2.06,0.93,0.48,0.87,0.69,-0.75,0.66,0.67,-17840.00,-2.90,0.14,-0.59,-0.99,-1.00,-50.95,-46.73,19730.00,1.00,187.00,1.00,0.89,0.72,51.85,51.85,9.55,0.19,0.26,0.21,0.22,0.17,0.19,0.10
2.05,0.81,0.57,0.71,0.52,-0.66,0.58,0.64,2018-05-31,2.08,0.92,0.57,0.79,0.60,-0.71,0.59,0.64,2.08,0.92,0.57,0.83,0.68,-0.71,0.59,0.64,-10995.00,-15.48,0.15,-0.99,-0.99,-1.00,-3118.10,-37.99,4828.75,1.00,260.00,1.00,0.99,0.99,427.90,3119.00,5.70,0.20,0.46,0.20,0.21,0.17,1.33,1.32
1.82,0.75,0.69,0.64,0.43,-0.63,0.54,0.60,2018-07-03,1.85,0.83,0.60,0.72,0.46,-0.68,0.54,0.60,1.85,0.92,0.60,0.90,0.69,-0.74,0.54,0.60,-14430.00,-5.05,0.13,-0.76,-0.98,-1.00,-97.92,-177.47,5915.00,1.00,180.00,1.00,0.86,0.89,178.37,95.96,7.32,0.21,0.31,0.24,0.23,0.18,0.22,0.18
1.64,0.70,0.77,0.59,0.38,-0.58,0.49,0.59,2018-07-20,1.65,0.80,0.60,0.68,0.41,-0.64,0.50,0.59,1.65,0.90,0.60,0.82,0.66,-0.73,0.50,0.59,-6992.50,-2.19,0.14,-0.53,-0.98,-1.00,-85.82,-85.82,8115.00,1.00,154.00,1.00,0.87,0.69,86.72,57.24,8.01,0.23,0.34,0.25,0.26,0.18,0.18,0.12
1.44,0.66,0.86,0.54,0.33,-0.57,0.46,0.57,2018-08-07,1.45,0.73,0.86,0.57,0.29,-0.60,0.46,0.57,1.45,0.92,0.86,0.86,0.67,-0.76,0.46,0.57,-5315.00,-6.23,0.22,-0.76,-1.00,-1.00,-467.27,-334.29,3555.00,1.00,3613.00,1.00,0.84,1.00,468.17,468.17,3.76,0.26,1.55,0.28,0.27,0.20,0.34,0.32
1.75,0.59,0.83,0.45,0.28,-0.48,0.47,0.64,2018-08-12,1.85,0.63,0.83,0.46,0.27,-0.48,0.47,0.64,1.85,0.80,0.52,0.16,0.01,-0.29,0.47,0.64,-9940.00,-1.97,0.23,-0.50,-0.77,-1.00,-63.80,-59.09,11215.00,1.00,7.40,1.00,0.80,0.70,372.23,372.23,26.88,0.21,0.28,0.21,0.22,0.15,0.27,0.19
1.22,0.62,0.90,0.51,0.29,-0.54,0.44,0.58,2018-08-17,1.24,0.69,0.90,0.52,0.25,-0.57,0.45,0.58,1.24,0.91,0.90,0.13,0.68,-0.27,0.45,0.58,-6242.50,-15.06,0.17,-0.99,-0.99,-1.00,-274.77,-161.73,10295.00,1.00,482.00,1.00,0.98,0.99,230.03,275.67,6.12,0.28,0.61,0.28,0.28,0.21,0.27,0.24
1.34,0.60,0.91,0.47,0.27,-0.50,0.43,0.60,2018-08-19,1.39,0.69,0.91,0.47,0.22,-0.52,0.44,0.60,1.39,0.82,0.91,0.13,-0.03,-0.27,0.44,0.60,-14260.00,-15.18,0.18,-0.99,-0.99,-1.00,-115.62,-79.00,11435.00,1.00,369.00,1.00,0.94,0.99,116.52,116.52,15.04,0.26,0.55,0.25,0.27,0.19,0.21,0.15
1.40,0.63,0.89,0.51,0.29,-0.53,0.44,0.60,2018-08-27,1.41,0.63,0.89,0.54,0.25,-0.57,0.60,0.65,1.41,0.87,0.89,0.14,-0.09,-0.28,0.60,0.65,-4120.00,-36.08,0.15,-1.00,-0.99,-1.00,-56.10,-31.01,5260.00,1.00,341.00,1.00,0.99,1.00,32.14,57.00,3.74,0.27,0.48,0.27,0.30,0.19,0.21,0.14
1.41,0.64,0.92,0.52,0.27,-0.54,0.42,0.62,2018-08-29,1.45,0.69,0.92,0.54,0.23,-0.57,0.45,0.62,1.45,0.91,0.92,0.14,0.67,-0.29,0.45,0.62,-13500.00,-23.72,0.10,-0.99,-1.00,-1.00,-129.30,-223.50,14055.00,1.00,3378.00,1.00,0.88,1.00,224.40,130.20,14.20,0.29,1.57,0.27,0.30,0.20,0.26,0.20
1.23,0.64,0.88,0.53,0.29,-0.54,0.42,0.63,2018-09-06,1.26,0.73,0.63,0.59,0.29,-0.58,0.60,0.66,1.26,0.89,0.63,0.14,-0.12,-0.28,0.60,0.66,-10250.00,-5.92,0.12,-0.80,-0.99,-1.00,-80.10,-35.87,5305.00,1.00,253.00,1.00,0.98,0.89,46.10,81.00,8.80,0.26,0.39,0.27,0.30,0.20,0.24,0.16
1.97,0.61,0.83,0.47,0.27,-0.46,0.42,0.67,2018-09-11,2.17,0.65,0.83,0.49,0.25,-0.47,0.64,0.69,2.17,0.87,0.98,0.14,0.00,-0.23,0.64,0.69,-10885.00,-1.47,0.21,-0.42,-0.78,-1.00,-83.92,-26.88,6530.00,0.99,4.96,0.98,0.83,0.50,27.78,84.82,28.23,0.23,0.27,0.23,0.23,0.19,0.25,0.12
1.56,0.64,0.88,0.52,0.27,-0.53,0.42,0.64,2018-09-18,1.59,0.73,0.88,0.59,0.28,-0.57,0.46,0.64,1.59,0.86,0.88,0.78,-0.11,-0.70,0.46,0.64,-9755.00,-6.17,0.21,-0.84,-1.00,-1.00,-155.50,-61.00,12735.00,1.00,3821.00,1.00,0.83,0.87,156.40,156.40,13.22,0.25,1.82,0.25,0.27,0.19,0.25,0.16
1.96,0.66,0.79,0.54,0.33,-0.52,0.47,0.64,2018-09-26,2.04,0.72,0.78,0.57,0.33,-0.54,0.48,0.64,2.04,0.91,0.78,0.16,0.00,-0.26,0.48,0.64,-10305.00,-8.71,0.18,-0.96,-1.00,-1.00,-249.42,-314.33,9920.00,1.00,966.00,1.00,0.88,0.98,315.23,45.08,16.21,0.23,0.61,0.25,0.25,0.19,0.27,0.20
2.04,0.52,0.76,0.37,0.27,-0.36,0.35,0.74,2018-10-06,3.17,0.61,0.71,0.37,0.31,-0.34,0.18,0.69,3.17,0.61,0.57,0.14,0.36,-0.25,0.07,0.69,-7790.00,-35.81,0.28,-0.97,-0.53,-1.00,-14.26,-4.73,7820.00,1.00,3.23,1.00,0.72,0.79,5.63,15.16,73.98,0.17,0.21,0.16,0.16,0.13,0.29,0.09
1.85,0.66,0.80,0.53,0.31,-0.52,0.45,0.67,2018-10-08,1.93,0.66,0.80,0.59,0.33,-0.57,0.50,0.67,1.93,0.85,0.80,0.14,-0.07,-0.68,0.50,0.67,-10245.00,-46.88,0.19,-1.00,-1.00,-1.00,-784.10,-141.78,9380.00,1.00,15191.00,1.00,0.87,0.94,142.68,785.00,17.60,0.23,7.11,0.24,0.26,0.18,0.43,0.37
1.54,0.68,0.82,0.57,0.32,-0.57,0.44,0.65,2018-10-11,1.56,0.82,0.63,0.65,0.34,-0.63,0.50,0.65,1.56,0.82,0.63,0.82,0.66,-0.73,0.50,0.65,-6450.00,-19.75,0.05,-0.99,-0.99,-1.00,-176.53,-166.50,5760.00,1.00,246.00,1.00,1.00,0.99,177.43,177.43,8.63,0.28,0.51,0.26,0.29,0.20,0.33,0.26
1.34,0.68,0.83,0.57,0.33,-0.57,0.44,0.62,2018-10-13,1.35,0.82,0.82,0.64,0.36,-0.63,0.47,0.62,1.35,0.82,0.82,0.81,0.66,-0.73,0.47,0.62,-4825.00,-26.36,0.02,-0.99,-1.00,-1.00,-217.13,-117.63,4440.00,1.00,8994.00,1.00,1.00,1.00,218.03,218.03,3.62,0.32,5.37,0.26,0.27,0.20,0.42,0.38
1.39,0.67,0.82,0.54,0.33,-0.54,0.45,0.61,2018-10-16,1.40,0.82,0.82,0.61,0.33,-0.60,0.60,0.65,1.40,0.82,0.82,0.75,0.64,-0.69,0.60,0.65,-4655.00,-23.36,0.18,-0.99,-1.00,-1.00,-44.10,-49.00,4072.50,1.00,6638.00,1.00,1.00,0.99,49.90,45.00,6.41,0.24,2.80,0.23,0.26,0.18,0.22,0.15
2.12,0.65,0.82,0.52,0.32,-0.51,0.44,0.62,2018-10-18,2.41,0.70,0.82,0.57,0.34,-0.56,0.47,0.62,2.41,0.81,0.82,0.70,0.63,-0.62,0.47,0.62,-11585.00,-17.11,0.15,-0.99,-1.00,-1.00,-464.60,-183.61,10480.00,1.00,8127.00,1.00,1.00,0.99,298.31,465.50,42.31,0.23,5.15,0.22,0.26,0.17,0.34,0.30
1.34,0.73,0.84,0.63,0.34,-0.63,0.51,0.60,2018-10-31,1.35,0.87,0.82,0.68,0.33,-0.66,0.53,0.61,1.35,0.87,0.82,1.00,0.27,-0.67,0.53,0.61,-3140.00,-42.32,0.00,-1.00,-1.00,-1.00,-1197.53,-233.00,3105.00,1.00,5191.00,1.00,1.00,1.00,271.80,1198.43,3.21,0.35,2.69,0.24,0.26,0.20,0.60,0.59
1.64,0.60,0.84,0.45,0.28,-0.47,0.46,0.62,2019-03-17,2.05,0.62,0.71,0.44,0.25,-0.47,0.47,0.62,2.05,0.62,0.71,0.39,0.14,-0.50,0.47,0.62,-9700.00,-42.70,0.02,-0.98,-0.99,-1.00,-307.73,-801.00,8675.00,1.00,176.00,1.00,0.96,0.81,801.90,308.63,37.57,0.18,0.32,0.18,0.20,0.15,0.44,0.41
1.45,0.64,0.87,0.49,0.30,-0.50,0.49,0.57,2019-03-22,1.51,0.63,0.87,0.50,0.25,-0.52,0.50,0.57,1.51,0.63,0.87,0.44,0.13,-0.50,0.50,0.57,-7915.00,-45.06,0.02,-1.00,-1.00,-1.00,-68.55,-68.55,7045.00,1.00,14333.00,1.00,0.97,0.99,69.45,66.50,12.06,0.20,9.68,0.19,0.22,0.16,0.18,0.13
1.68,0.66,0.80,0.51,0.31,-0.51,0.53,0.62,2019-03-30,1.76,0.67,0.81,0.51,0.29,-0.52,0.53,0.62,1.76,0.77,0.94,0.44,0.18,-0.51,0.53,0.62,-8160.00,-3.03,0.03,-0.60,-0.88,-1.00,-925.91,-925.91,8230.00,1.00,21.57,1.00,0.94,0.52,926.81,252.65,11.83,0.16,0.26,0.17,0.20,0.13,0.45,0.42
1.45,0.70,0.82,0.57,0.33,-0.57,0.51,0.59,2019-04-01,1.49,0.73,0.81,0.58,0.31,-0.59,0.52,0.59,1.49,0.89,0.81,0.50,0.18,-0.58,0.52,0.59,-8205.00,-5.33,0.02,-0.73,-1.00,-1.00,-736.69,-736.69,8010.00,1.00,1492.00,1.00,0.97,0.80,737.59,30.44,9.49,0.20,0.87,0.20,0.23,0.16,0.35,0.33
1.43,0.70,0.81,0.57,0.33,-0.57,0.50,0.60,2019-04-04,1.46,0.65,0.81,0.59,0.31,-0.60,0.52,0.59,1.46,0.85,0.81,0.50,0.21,-0.59,0.52,0.59,-7980.00,-52.69,0.02,-1.00,-0.99,-1.00,-136.10,-36.00,7710.00,1.00,410.00,1.00,0.98,1.00,131.00,137.00,8.76,0.21,0.46,0.21,0.24,0.17,0.20,0.15
1.86,0.73,0.76,0.60,0.36,-0.59,0.52,0.63,2019-04-16,1.90,0.80,0.76,0.64,0.36,-0.63,0.55,0.63,1.90,0.86,0.76,0.75,0.29,-0.68,0.55,0.63,-8715.00,-3.75,0.04,-0.65,-1.00,-1.00,-57.26,-595.40,8780.00,1.00,1820.00,1.00,0.96,0.78,596.30,58.16,11.59,0.20,1.00,0.21,0.24,0.16,0.33,0.28
1.84,0.73,0.73,0.61,0.38,-0.58,0.52,0.63,2019-04-19,1.88,0.82,0.63,0.65,0.39,-0.62,0.56,0.63,1.88,0.82,0.63,0.74,0.32,-0.65,0.56,0.63,-8735.00,-21.83,0.04,-0.99,-0.98,-1.00,-204.10,-319.86,8760.00,1.00,191.00,1.00,0.98,1.00,320.76,205.00,10.53,0.21,0.31,0.21,0.24,0.17,0.27,0.22
1.68,0.74,0.71,0.62,0.40,-0.59,0.53,0.62,2019-04-21,1.71,0.78,0.62,0.68,0.42,-0.63,0.55,0.62,1.71,0.85,0.62,0.76,0.39,-0.65,0.55,0.62,-5725.00,-11.78,0.06,-0.92,-0.99,-1.00,-148.32,-148.32,5165.00,1.00,219.00,1.00,0.96,0.95,66.21,97.98,6.73,0.22,0.36,0.22,0.23,0.17,0.21,0.14
2.16,0.80,0.50,0.70,0.56,-0.63,0.63,0.68,2019-05-24,2.19,0.83,0.50,0.76,0.61,-0.67,0.63,0.68,2.19,0.92,0.50,0.82,0.63,-0.70,0.63,0.68,-11060.00,-15.89,0.15,-0.99,-0.99,-1.00,-208.58,-177.21,13925.00,1.00,504.00,1.00,0.98,0.99,178.11,209.48,11.75,0.19,0.42,0.20,0.19,0.16,0.22,0.16
2.16,0.84,0.51,0.76,0.58,-0.68,0.61,0.66,2019-06-03,2.18,0.91,0.51,0.84,0.65,-0.74,0.61,0.66,2.18,0.91,0.51,0.90,0.70,-0.75,0.61,0.66,-6040.00,-8.37,0.11,-0.81,-0.99,-1.00,-131.46,-1310.00,6015.00,1.00,495.00,1.00,1.00,0.81,1310.90,132.36,6.44,0.20,0.42,0.21,0.22,0.18,0.59,0.57
1.77,0.82,0.52,0.72,0.55,-0.67,0.62,0.65,2019-06-15,1.79,0.88,0.48,0.78,0.61,-0.70,0.62,0.65,1.79,0.90,0.45,0.82,0.64,-0.73,0.62,0.65,-9467.50,-2.17,0.18,-0.52,-0.61,-1.00,-1008.96,-8.05,14605.00,1.00,4.43,1.00,0.84,0.55,15.06,1009.86,8.44,0.15,0.18,0.17,0.17,0.14,0.46,0.44
2.15,0.81,0.58,0.71,0.52,-0.65,0.58,0.62,2019-06-25,2.17,0.85,0.58,0.78,0.59,-0.69,0.59,0.62,2.17,0.91,0.58,0.83,0.67,-0.72,0.59,0.62,-7520.00,-14.65,0.00,-0.98,-1.00,-1.00,-3364.10,-784.33,3492.50,1.00,2613.00,1.00,1.00,0.99,3365.00,3365.00,5.16,0.20,1.22,0.20,0.19,0.16,1.46,1.45
1.72,0.77,0.61,0.66,0.50,-0.63,0.56,0.60,2019-06-30,1.74,0.83,0.61,0.71,0.55,-0.67,0.56,0.60,1.74,0.92,0.61,0.83,0.66,-0.72,0.56,0.60,-4495.00,-3.51,0.22,-0.64,-1.00,-1.00,-110.73,-169.68,3900.00,1.00,2597.00,1.00,0.85,0.77,170.58,111.63,3.38,0.18,1.13,0.20,0.18,0.15,0.15,0.12
1.65,0.70,0.73,0.60,0.42,-0.59,0.51,0.57,2019-07-23,1.67,0.83,0.69,0.70,0.45,-0.64,0.52,0.57,1.67,0.92,0.44,0.84,0.68,-0.71,0.52,0.57,-14860.00,-6.20,0.14,-0.76,-0.93,-1.00,-421.28,-155.31,14975.00,1.00,30.18,1.00,0.90,0.76,422.18,422.18,9.70,0.25,0.29,0.27,0.23,0.19,0.26,0.24
1.92,0.68,0.73,0.55,0.39,-0.54,0.51,0.59,2019-07-25,1.97,0.76,0.72,0.61,0.41,-0.57,0.51,0.59,1.97,0.87,0.47,0.22,0.60,-0.67,0.51,0.59,-10470.00,-1.70,0.25,-0.46,-0.83,-1.00,-5652.10,-11.75,9825.00,1.00,11.05,1.00,0.81,0.63,21.47,5653.00,11.84,0.21,0.24,0.22,0.20,0.16,2.41,2.40
1.83,0.72,0.76,0.61,0.40,-0.58,0.48,0.59,2019-09-01,1.84,0.83,0.60,0.71,0.46,-0.64,0.59,0.59,1.84,0.89,0.60,0.82,0.68,-0.71,0.59,0.59,-4315.00,-5.23,0.16,-0.72,-0.99,-1.00,-29.90,-84.16,8030.00,1.00,199.00,1.00,0.99,0.80,85.06,58.48,5.99,0.24,0.34,0.26,0.27,0.19,0.19,0.13
2.92,0.54,0.69,0.39,0.32,-0.36,0.44,0.72,2019-09-06,4.71,0.57,0.65,0.40,0.36,-0.36,0.61,0.72,4.71,0.61,0.55,0.43,0.42,-0.37,0.72,0.72,-7995.00,-0.31,0.32,-0.13,-0.54,-0.86,-7.94,-6.37,7945.00,0.94,2.71,0.89,0.71,0.19,7.27,8.84,102.99,0.13,0.16,0.12,0.13,0.10,0.28,0.06
1.55,0.73,0.73,0.62,0.40,-0.60,0.48,0.63,2019-09-21,1.57,0.85,0.73,0.73,0.46,-0.67,0.51,0.63,1.57,0.91,0.73,0.85,0.68,-0.75,0.51,0.63,-6210.00,-13.51,0.15,-0.97,-0.99,-1.00,-224.21,-130.02,7790.00,1.00,662.00,1.00,0.98,0.97,113.30,225.11,3.99,0.24,0.43,0.26,0.27,0.19,0.25,0.18
1.75,0.71,0.76,0.59,0.38,-0.56,0.48,0.61,2019-10-13,1.84,0.83,0.76,0.68,0.43,-0.62,0.50,0.61,1.84,0.83,0.76,0.79,0.64,-0.69,0.50,0.61,-14080.00,-15.65,0.00,-0.99,-1.00,-1.00,-193.15,-265.13,12035.00,1.00,2715.00,1.00,0.97,1.00,266.03,194.05,19.63,0.22,1.59,0.23,0.26,0.17,0.27,0.22
1.54,0.70,0.68,0.56,0.40,-0.54,0.55,0.64,2019-10-31,1.57,0.67,0.68,0.59,0.42,-0.57,0.55,0.64,1.57,0.81,0.68,0.63,0.43,-0.61,0.55,0.64,-9680.00,-42.00,0.08,-1.00,-1.00,-1.00,-154.73,-154.73,5220.00,1.00,2394.50,1.00,1.00,1.00,124.67,70.53,5.57,0.16,1.36,0.17,0.18,0.13,0.21,0.13
1.44,0.71,0.78,0.57,0.35,-0.60,0.54,0.60,2020-03-14,1.53,0.66,0.78,0.58,0.32,-0.62,0.55,0.60,1.53,0.84,0.78,0.54,0.21,-0.62,0.55,0.60,-10220.00,-40.34,0.05,-1.00,-0.99,-1.00,-655.43,-301.42,8455.00,1.00,369.00,1.00,1.00,0.99,302.32,656.33,16.44,0.18,0.42,0.19,0.22,0.16,0.40,0.38
1.45,0.63,0.80,0.47,0.30,-0.49,0.51,0.62,2020-03-16,1.57,0.69,0.83,0.47,0.28,-0.50,0.51,0.62,1.57,0.69,0.92,0.43,0.20,-0.50,0.51,0.62,-6100.00,-27.34,0.08,-0.95,-0.82,-1.00,-175.81,-12.03,6500.00,1.00,5.91,1.00,0.87,0.41,66.82,176.71,18.94,0.15,0.23,0.15,0.17,0.13,0.20,0.12
1.63,0.69,0.82,0.56,0.32,-0.57,0.51,0.60,2020-03-24,1.70,0.73,0.82,0.57,0.29,-0.60,0.53,0.60,1.70,0.86,0.82,0.50,0.17,-0.59,0.53,0.60,-9335.00,-3.12,0.01,-0.61,-1.00,-1.00,-434.10,-291.00,8750.00,1.00,6285.00,1.00,1.00,0.78,291.90,435.00,15.68,0.18,3.43,0.19,0.23,0.15,0.32,0.29
1.44,0.67,0.84,0.53,0.31,-0.54,0.49,0.59,2020-04-05,1.48,0.70,0.84,0.54,0.29,-0.57,0.60,0.63,1.48,0.86,0.84,0.48,0.20,-0.56,0.60,0.63,-6980.00,-4.70,0.03,-0.70,-0.99,-1.00,-60.90,-60.90,7630.00,1.00,323.00,1.00,0.96,0.77,26.85,28.01,10.08,0.19,0.35,0.19,0.23,0.15,0.19,0.13
1.37,0.69,0.83,0.56,0.32,-0.58,0.50,0.59,2020-04-08,1.39,0.72,0.83,0.58,0.31,-0.61,0.52,0.59,1.39,0.85,0.83,0.50,0.23,-0.61,0.52,0.59,-7405.00,-9.09,0.03,-0.96,-1.00,-1.00,-70.10,-300.13,7885.00,1.00,496.91,1.00,0.98,0.98,328.00,328.00,7.89,0.20,0.50,0.20,0.23,0.16,0.27,0.24
1.96,0.62,0.71,0.47,0.34,-0.46,0.51,0.67,2020-04-15,2.03,0.63,0.71,0.46,0.33,-0.46,0.58,0.69,2.03,0.63,0.77,0.46,0.30,-0.46,0.69,0.69,-7065.00,-1.99,0.15,-0.50,-0.53,-1.00,-16.49,-4.50,7665.00,0.95,3.88,0.91,0.83,0.51,5.40,17.39,23.03,0.16,0.21,0.16,0.16,0.14,0.22,0.08
1.47,0.72,0.75,0.60,0.38,-0.59,0.52,0.61,2020-04-18,1.49,0.77,0.74,0.64,0.38,-0.62,0.54,0.61,1.49,0.86,0.74,0.76,0.33,-0.62,0.54,0.61,-6880.00,-4.09,0.09,-0.68,-0.99,-1.00,-453.85,-123.33,7920.00,1.00,285.00,1.00,0.98,0.80,59.90,454.75,5.03,0.20,0.32,0.21,0.23,0.17,0.28,0.24
1.71,0.73,0.74,0.61,0.37,-0.60,0.53,0.63,2020-04-20,1.73,0.80,0.74,0.64,0.38,-0.63,0.56,0.63,1.73,0.86,0.74,0.77,0.32,-0.62,0.56,0.63,-7810.00,-5.05,0.02,-0.75,-0.99,-1.00,-187.48,-298.60,5130.00,1.00,277.00,1.00,0.97,0.88,299.50,142.24,5.10,0.20,0.43,0.21,0.24,0.17,0.27,0.22
1.68,0.73,0.72,0.61,0.39,-0.59,0.53,0.63,2020-04-23,1.70,0.80,0.72,0.66,0.40,-0.63,0.56,0.62,1.70,0.86,0.72,0.75,0.36,-0.62,0.56,0.62,-3410.00,-4.05,0.17,-0.67,-1.00,-1.00,-142.57,-87.99,7250.00,1.00,1707.00,1.00,0.98,0.78,55.09,143.47,4.46,0.20,0.81,0.21,0.24,0.17,0.23,0.16
1.79,0.77,0.57,0.65,0.50,-0.60,0.59,0.66,2020-05-08,1.82,0.82,0.57,0.70,0.55,-0.64,0.60,0.66,1.82,0.82,0.57,0.77,0.58,-0.68,0.60,0.66,-11160.00,-17.53,0.11,-0.99,-1.00,-1.00,-603.50,-603.50,11695.00,1.00,1556.00,1.00,0.88,1.00,70.23,70.23,10.01,0.21,0.95,0.20,0.20,0.16,0.32,0.28
1.88,0.80,0.54,0.70,0.53,-0.64,0.60,0.66,2020-05-18,1.90,0.85,0.54,0.77,0.60,-0.69,0.60,0.66,1.90,0.91,0.54,0.83,0.63,-0.71,0.60,0.66,-5640.00,-14.82,0.16,-0.99,-0.99,-1.00,-119.33,-68.48,8625.00,1.00,344.00,1.00,0.88,0.99,69.38,120.23,5.21,0.21,0.50,0.21,0.21,0.17,0.20,0.12
2.42,0.83,0.52,0.74,0.58,-0.66,0.61,0.64,2020-06-22,2.48,0.91,0.51,0.82,0.64,-0.71,0.61,0.64,2.48,0.91,0.51,0.86,0.68,-0.75,0.61,0.64,-16550.00,-11.86,0.10,-0.96,-1.00,-1.00,-1593.10,-704.57,9570.00,1.00,10450.00,1.00,0.93,0.98,705.47,1594.00,14.34,0.18,4.47,0.19,0.19,0.16,0.77,0.76
1.86,0.77,0.61,0.67,0.50,-0.63,0.56,0.60,2020-07-14,1.88,0.85,0.61,0.77,0.57,-0.68,0.61,0.61,1.88,0.91,0.61,0.89,0.65,-0.71,0.61,0.61,-9800.00,-10.47,0.11,-0.95,-0.99,-1.00,-54.10,-27.67,11070.00,1.00,400.00,1.00,0.98,0.98,28.57,55.00,6.86,0.22,0.73,0.23,0.19,0.17,0.13,0.08
1.73,0.73,0.72,0.63,0.43,-0.62,0.52,0.59,2020-08-01,1.74,0.82,0.71,0.76,0.50,-0.69,0.52,0.58,1.74,0.93,0.71,0.89,0.68,-0.75,0.52,0.58,-5437.50,-28.49,0.15,-0.98,-0.98,-1.00,-131.06,-85.00,8420.00,1.00,293.00,1.00,0.97,0.99,85.90,131.96,4.95,0.26,0.48,0.28,0.25,0.20,0.20,0.17
1.68,0.72,0.73,0.63,0.43,-0.60,0.52,0.58,2020-08-06,1.69,0.86,0.72,0.76,0.52,-0.68,0.52,0.58,1.69,0.92,0.72,0.89,0.68,-0.74,0.52,0.58,-7495.00,-4.06,0.08,-0.71,-0.99,-1.00,-61.93,-524.89,9065.00,1.00,496.00,1.00,0.92,0.86,525.79,59.00,5.46,0.27,0.52,0.28,0.26,0.21,0.27,0.25
1.87,0.74,0.73,0.65,0.42,-0.62,0.50,0.60,2020-08-21,1.88,0.89,0.73,0.79,0.52,-0.70,0.52,0.60,1.88,0.92,0.73,0.88,0.67,-0.75,0.52,0.60,-6055.00,-5.49,0.08,-0.74,-0.98,-1.00,-76.78,-67.32,7940.00,1.00,267.00,1.00,0.93,0.87,68.22,77.68,5.35,0.26,0.41,0.28,0.28,0.21,0.19,0.13
2.41,0.70,0.66,0.57,0.41,-0.53,0.53,0.67,2020-09-10,2.56,0.77,0.57,0.64,0.49,-0.57,0.54,0.67,2.56,0.85,0.46,0.71,0.59,-0.64,0.54,0.67,-12085.00,-1.60,0.19,-0.44,-0.74,-0.98,-231.53,-44.50,14635.00,1.00,4.02,1.00,0.97,0.48,232.43,232.43,26.52,0.20,0.26,0.21,0.22,0.16,0.27,0.18
2.21,0.72,0.72,0.61,0.44,-0.56,0.49,0.61,2020-09-12,2.36,0.83,0.71,0.71,0.54,-0.62,0.50,0.61,2.36,0.91,0.71,0.81,0.68,-0.68,0.50,0.61,-12905.00,-23.52,0.04,-0.99,-1.00,-1.00,-40.62,-122.79,11270.00,1.00,12144.00,1.00,1.00,1.00,123.69,56.94,31.87,0.29,5.22,0.25,0.27,0.19,0.20,0.13
1.74,0.74,0.71,0.63,0.42,-0.60,0.49,0.61,2020-09-15,1.77,0.83,0.61,0.75,0.52,-0.68,0.51,0.61,1.77,0.91,0.43,0.83,0.67,-0.73,0.51,0.61,-4030.00,-18.15,0.19,-0.99,-0.97,-1.00,-86.80,-950.50,6937.50,1.00,61.00,1.00,0.99,1.00,951.40,87.70,5.35,0.24,0.32,0.25,0.26,0.19,0.45,0.42
1.90,0.73,0.71,0.62,0.41,-0.59,0.49,0.64,2020-09-20,1.93,0.83,0.58,0.72,0.49,-0.66,0.52,0.64,1.93,0.89,0.58,0.82,0.68,-0.71,0.52,0.64,-7670.00,-4.89,0.13,-0.71,-0.98,-1.00,-88.46,-8353.00,7777.50,1.00,150.00,1.00,1.00,0.85,8353.90,148.00,11.38,0.23,0.33,0.25,0.27,0.19,3.51,3.50
1.71,0.72,0.72,0.62,0.42,-0.58,0.48,0.61,2020-09-22,1.73,0.88,0.72,0.74,0.50,-0.66,0.50,0.61,1.73,0.88,0.72,0.83,0.67,-0.72,0.50,0.61,-6905.00,-39.30,0.11,-1.00,-1.00,-1.00,-248.96,-221.36,5925.00,1.00,1832.00,1.00,0.94,0.99,222.26,249.86,5.92,0.25,1.07,0.26,0.27,0.20,0.25,0.20
1.99,0.70,0.66,0.57,0.44,-0.53,0.54,0.62,2020-10-02,2.13,0.78,0.66,0.64,0.50,-0.57,0.54,0.62,2.13,0.84,0.66,0.75,0.60,-0.64,0.54,0.62,-14560.00,-9.74,0.14,-0.97,-1.00,-1.00,-1522.38,-1522.38,11755.00,1.00,4771.00,1.00,1.00,0.97,89.90,53.57,26.86,0.21,2.18,0.22,0.20,0.17,0.68,0.66
1.43,0.74,0.68,0.62,0.46,-0.59,0.53,0.60,2020-10-25,1.46,0.82,0.67,0.68,0.50,-0.64,0.53,0.60,1.46,0.82,0.67,0.78,0.65,-0.68,0.53,0.60,-11320.00,-27.17,0.01,-1.00,-1.00,-1.00,-1008.10,-237.63,10385.00,1.00,15231.00,1.00,1.00,1.00,238.53,1009.00,9.17,0.23,9.54,0.21,0.22,0.17,0.63,0.62
1.37,0.62,0.87,0.47,0.28,-0.52,0.49,0.60,2021-03-06,1.79,0.63,0.87,0.47,0.24,-0.54,0.50,0.61,1.79,0.63,0.87,0.46,0.16,-0.57,0.50,0.61,-10000.00,-39.44,0.03,-1.00,-1.00,-1.00,-1426.10,-459.57,9665.00,1.00,15087.00,1.00,1.00,1.00,460.47,1427.00,33.66,0.20,6.81,0.17,0.21,0.15,0.71,0.70
1.54,0.60,0.92,0.44,0.25,-0.46,0.46,0.58,2021-03-26,1.90,0.61,0.97,0.44,0.21,-0.48,0.47,0.58,1.90,0.58,1.09,0.41,0.10,-0.50,0.47,0.58,-9955.00,-5.71,0.03,-0.74,-0.96,-1.00,-912.25,-912.25,10450.00,1.00,14.09,1.00,0.97,0.77,777.57,201.00,36.57,0.17,0.29,0.16,0.21,0.14,0.58,0.56
1.30,0.63,0.92,0.49,0.25,-0.51,0.47,0.58,2021-03-31,1.35,0.68,0.92,0.49,0.21,-0.53,0.59,0.62,1.35,0.68,0.92,0.44,0.11,-0.54,0.59,0.62,-6415.00,-21.13,0.03,-0.99,-1.00,-1.00,-23.72,-92.28,7500.00,1.00,1843.00,1.00,1.00,0.99,93.18,24.62,10.71,0.18,0.83,0.18,0.22,0.15,0.18,0.12
1.81,0.74,0.69,0.63,0.42,-0.59,0.54,0.62,2021-05-10,1.85,0.78,0.68,0.68,0.44,-0.62,0.62,0.64,1.85,0.84,0.68,0.74,0.45,-0.64,0.62,0.64,-7450.00,-10.87,0.07,-0.85,-0.99,-1.00,-17.58,-104.69,9025.00,1.00,343.00,1.00,0.92,0.91,105.59,18.48,10.42,0.21,0.36,0.22,0.23,0.17,0.19,0.12
2.23,0.81,0.57,0.74,0.57,-0.67,0.62,0.67,2021-06-09,2.25,0.93,0.50,0.83,0.64,-0.72,0.67,0.67,2.25,0.93,0.50,0.90,0.69,-0.74,0.67,0.67,-13445.00,-25.49,0.03,-0.99,-0.99,-1.00,-38.19,-43.00,5117.50,1.00,390.00,1.00,0.99,1.00,43.90,39.09,8.21,0.46,2.16,0.23,0.23,0.20,0.24,0.19
2.45,0.83,0.50,0.75,0.57,-0.67,0.62,0.68,2021-06-14,2.49,0.92,0.46,0.83,0.65,-0.72,0.63,0.68,2.49,0.92,0.46,0.89,0.69,-0.78,0.63,0.68,-7797.50,-5.89,0.10,-0.79,-0.99,-1.00,-65.06,-3019.00,11085.00,1.00,213.00,1.00,0.98,0.90,3019.90,58.69,10.96,0.20,0.36,0.21,0.22,0.18,1.32,1.31
2.39,0.83,0.51,0.74,0.57,-0.67,0.61,0.67,2021-06-17,2.44,0.90,0.37,0.82,0.65,-0.71,0.62,0.67,2.44,0.94,0.37,0.89,0.71,-0.78,0.62,0.67,-15125.00,-2.80,0.13,-0.59,-0.96,-1.00,-138.80,-260.22,15105.00,1.00,110.00,1.00,0.99,0.74,261.12,139.70,13.16,0.19,0.26,0.21,0.23,0.17,0.25,0.20
2.17,0.81,0.54,0.72,0.56,-0.65,0.59,0.64,2021-06-19,2.18,0.92,0.54,0.80,0.64,-0.70,0.59,0.65,2.18,0.92,0.54,0.83,0.69,-0.68,0.59,0.65,-4335.00,-18.15,0.15,-0.99,-1.00,-1.00,-68.16,-22.09,4830.00,1.00,795.00,1.00,0.96,0.99,69.06,69.06,4.17,0.24,0.85,0.21,0.22,0.17,0.16,0.10
2.25,0.76,0.66,0.66,0.48,-0.62,0.54,0.60,2021-07-24,2.31,0.83,0.65,0.77,0.57,-0.68,0.55,0.60,2.31,0.92,0.65,0.88,0.68,-0.71,0.55,0.60,-11460.00,-23.20,0.11,-0.99,-0.99,-1.00,-117.61,-117.61,13140.00,1.00,312.00,1.00,1.00,1.00,51.88,37.00,18.22,0.31,0.91,0.25,0.24,0.18,0.16,0.11
2.19,0.75,0.68,0.66,0.46,-0.62,0.53,0.60,2021-08-13,2.23,0.89,0.53,0.80,0.57,-0.70,0.54,0.60,2.23,0.92,0.53,0.89,0.68,-0.73,0.54,0.60,-7110.00,-6.08,0.01,-0.79,-0.99,-1.00,-60.31,-1026.44,15015.00,1.00,196.00,1.00,1.00,0.91,1027.34,19.32,12.09,0.24,0.40,0.27,0.27,0.20,0.46,0.44
2.30,0.76,0.66,0.66,0.47,-0.61,0.53,0.63,2021-09-05,2.44,0.89,0.55,0.79,0.59,-0.68,0.55,0.63,2.44,0.92,0.43,0.86,0.70,-0.73,0.55,0.63,-9630.00,-3.39,0.07,-0.63,-0.91,-1.00,-497.96,-38.41,14630.00,1.00,17.67,1.00,1.00,0.64,498.86,498.86,23.03,0.23,0.34,0.25,0.28,0.19,0.29,0.24
1.67,0.77,0.67,0.67,0.45,-0.63,0.52,0.63,2021-10-10,1.68,0.91,0.67,0.79,0.54,-0.71,0.53,0.63,1.68,0.91,0.67,0.86,0.68,-0.77,0.53,0.63,-4815.00,-14.51,0.00,-0.98,-1.00,-1.00,-1274.10,-54.56,6420.00,1.00,1053.00,1.00,1.00,0.99,279.50,1275.00,4.39,0.23,0.64,0.25,0.26,0.20,0.58,0.56
1.48,0.66,0.75,0.52,0.36,-0.51,0.49,0.64,2021-10-30,2.04,0.69,0.74,0.54,0.39,-0.53,0.50,0.63,2.04,0.81,0.74,0.63,0.40,-0.66,0.50,0.63,-10995.00,-22.88,0.04,-0.99,-1.00,-1.00,-164.35,-61.00,12435.00,1.00,891.00,1.00,0.97,1.00,61.90,165.25,48.98,0.20,0.57,0.20,0.20,0.17,0.31,0.25
1.33,0.63,0.85,0.49,0.29,-0.54,0.50,0.59,2022-03-01,1.54,0.64,0.85,0.49,0.24,-0.55,0.51,0.59,1.54,0.64,0.85,0.48,0.16,-0.57,0.51,0.59,-9595.00,-35.48,0.00,-1.00,-1.00,-1.00,-117.21,-178.61,9875.00,1.00,256.00,1.00,1.00,1.00,179.51,112.45,26.17,0.29,0.44,0.19,0.22,0.16,0.26,0.22
1.01,0.62,0.88,0.48,0.28,-0.54,0.48,0.58,2022-03-09,1.10,0.63,0.68,0.48,0.23,-0.55,0.49,0.58,1.10,0.63,0.68,0.46,0.13,-0.57,0.49,0.58,-8350.00,-54.38,0.00,-1.00,-1.00,-1.00,-623.40,-623.40,8140.00,1.00,214.00,1.00,1.00,1.00,173.34,550.20,14.24,0.31,0.46,0.20,0.22,0.18,0.47,0.45
1.25,0.61,0.92,0.47,0.24,-0.52,0.47,0.60,2022-03-11,1.40,0.68,0.69,0.46,0.18,-0.54,0.49,0.60,1.40,0.68,0.69,0.46,0.10,-0.55,0.49,0.60,-9215.00,-24.64,0.00,-1.00,-1.00,-1.00,-1112.77,-114.58,10540.00,1.00,179.00,1.00,1.00,1.00,115.48,1113.67,20.49,0.26,0.40,0.19,0.23,0.17,0.54,0.52
1.20,0.59,0.96,0.45,0.21,-0.50,0.45,0.61,2022-03-14,1.29,0.57,1.20,0.45,0.15,-0.52,0.47,0.61,1.29,0.57,1.20,0.45,0.09,-0.52,0.47,0.61,-8800.00,-16.42,0.00,-1.00,-1.00,-1.00,-130.50,-168.19,7550.00,1.00,143.00,1.00,1.00,1.00,169.09,131.40,16.86,0.22,0.36,0.19,0.23,0.16,0.27,0.22
1.28,0.60,0.96,0.46,0.21,-0.51,0.46,0.60,2022-03-21,1.36,0.69,1.19,0.46,0.16,-0.52,0.48,0.60,1.36,0.69,1.19,0.45,0.10,-0.54,0.48,0.60,-10240.00,-63.69,0.00,-1.00,-1.00,-1.00,-247.88,-335.86,8495.00,1.00,191.00,1.00,1.00,1.00,336.76,248.78,15.34,0.32,0.40,0.19,0.23,0.17,0.36,0.32
1.26,0.61,0.94,0.46,0.22,-0.51,0.46,0.61,2022-03-24,1.32,0.59,0.89,0.45,0.17,-0.53,0.48,0.61,1.32,0.59,1.12,0.44,0.11,-0.53,0.48,0.61,-7505.00,-7.81,0.02,-0.80,-0.95,-1.00,-835.77,-397.62,9425.00,1.00,39.66,1.00,1.00,0.78,398.52,836.67,12.78,0.19,0.31,0.19,0.23,0.15,0.49,0.47
1.07,0.60,0.94,0.46,0.23,-0.50,0.46,0.59,2022-03-26,1.13,0.57,0.72,0.45,0.19,-0.52,0.47,0.59,1.13,0.57,0.72,0.45,0.13,-0.54,0.47,0.59,-9740.00,-20.34,0.00,-1.00,-1.00,-1.00,-2435.00,-2435.00,7900.00,1.00,209.50,1.00,0.97,1.00,2435.90,455.86,10.69,0.29,0.44,0.19,0.21,0.16,1.07,1.06
1.39,0.63,0.80,0.48,0.30,-0.50,0.50,0.63,2022-04-13,1.45,0.65,0.83,0.48,0.28,-0.51,0.52,0.63,1.45,0.63,0.89,0.44,0.21,-0.50,0.52,0.63,-6200.00,-2.40,0.03,-0.55,-0.64,-1.00,-24.67,-138.61,7595.00,1.00,4.64,1.00,0.94,0.49,139.51,28.73,11.21,0.17,0.24,0.17,0.19,0.14,0.21,0.12
1.57,0.72,0.76,0.59,0.36,-0.59,0.53,0.62,2022-04-23,1.60,0.81,0.65,0.62,0.35,-0.62,0.55,0.62,1.60,0.81,0.65,0.57,0.26,-0.62,0.55,0.62,-7405.00,-17.56,0.00,-1.00,-1.00,-1.00,-1964.10,-183.61,5955.00,1.00,167.00,1.00,1.00,1.00,314.20,1965.00,8.01,0.27,0.41,0.21,0.24,0.17,0.88,0.86
1.91,0.80,0.54,0.71,0.54,-0.65,0.59,0.66,2022-05-15,1.93,0.91,0.49,0.79,0.60,-0.70,0.65,0.66,1.93,0.91,0.49,0.88,0.65,-0.73,0.65,0.66,-8270.00,-13.86,0.00,-1.00,-1.00,-1.00,-60.06,-21.64,9655.00,1.00,193.00,1.00,1.00,1.00,47.59,60.96,6.02,0.23,0.31,0.22,0.21,0.18,0.18,0.10
2.06,0.81,0.54,0.70,0.54,-0.65,0.61,0.64,2022-06-19,2.09,0.87,0.48,0.77,0.61,-0.68,0.64,0.64,2.09,0.90,0.43,0.80,0.66,-0.71,0.64,0.64,-8562.50,-0.94,0.00,-0.32,-1.00,-1.00,-28.97,-21.30,4160.00,1.00,3.23,1.00,0.85,0.44,22.68,29.87,5.57,0.15,0.20,0.17,0.18,0.14,0.14,0.08
1.89,0.79,0.58,0.68,0.53,-0.64,0.57,0.61,2022-06-27,1.91,0.82,0.69,0.74,0.58,-0.68,0.57,0.61,1.91,0.92,0.40,0.85,0.70,-0.73,0.57,0.61,-13070.00,-21.87,0.00,-1.00,-1.00,-1.00,-122.35,-122.35,12510.00,1.00,76.00,1.00,0.93,1.00,123.25,102.57,8.83,0.19,0.24,0.21,0.19,0.16,0.18,0.15
1.93,0.73,0.68,0.63,0.45,-0.61,0.52,0.59,2022-07-19,1.95,0.85,0.71,0.75,0.50,-0.67,0.60,0.60,1.95,0.93,0.71,0.88,0.67,-0.71,0.60,0.60,-5940.00,-2.79,0.00,-0.58,-1.00,-1.00,-48.27,-39.38,7480.00,1.00,109.00,1.00,0.93,0.76,45.22,49.17,6.04,0.23,0.27,0.26,0.22,0.18,0.15,0.09
1.65,0.72,0.71,0.62,0.44,-0.61,0.52,0.57,2022-07-24,1.66,0.85,0.60,0.74,0.49,-0.68,0.52,0.57,1.66,0.91,0.60,0.90,0.68,-0.74,0.52,0.57,-6622.50,-14.87,0.00,-1.00,-1.00,-1.00,-54.10,-77.00,4280.00,1.00,214.00,1.00,1.00,1.00,77.90,55.00,3.77,0.30,0.35,0.28,0.23,0.20,0.17,0.13
1.74,0.70,0.76,0.59,0.40,-0.58,0.50,0.57,2022-08-03,1.77,0.83,0.59,0.71,0.46,-0.64,0.50,0.57,1.77,0.92,0.59,0.88,0.66,-0.71,0.50,0.57,-8500.00,-6.00,0.00,-0.79,-1.00,-1.00,-109.43,-109.43,15920.00,1.00,213.00,1.00,1.00,0.89,110.33,30.13,9.31,0.28,0.35,0.28,0.26,0.21,0.15,0.11
2.19,0.72,0.74,0.62,0.40,-0.58,0.49,0.62,2022-09-07,2.28,0.86,0.68,0.74,0.49,-0.65,0.51,0.61,2.28,0.92,0.68,0.83,0.65,-0.70,0.51,0.61,-13845.00,-5.58,0.00,-0.74,-1.00,-1.00,-133.23,-12.35,11875.00,1.00,72.00,1.00,0.92,0.86,17.42,134.13,21.41,0.25,0.33,0.26,0.27,0.20,0.22,0.14
1.98,0.76,0.66,0.66,0.44,-0.62,0.54,0.64,2022-09-30,2.05,0.85,0.56,0.76,0.51,-0.68,0.55,0.64,2.05,0.91,0.56,0.87,0.68,-0.76,0.55,0.64,-11100.00,-8.45,0.00,-1.00,-1.00,-1.00,-38.10,-169.82,13465.00,1.00,172.78,1.00,1.00,1.00,170.72,39.00,15.16,0.22,0.32,0.25,0.25,0.18,0.22,0.14
2.17,0.70,0.71,0.58,0.40,-0.55,0.50,0.64,2022-10-07,2.45,0.85,0.67,0.65,0.49,-0.59,0.52,0.64,2.45,0.85,0.67,0.76,0.60,-0.68,0.52,0.64,-10285.00,-51.23,0.00,-1.00,-1.00,-1.00,-123.91,-100.09,11675.00,1.00,68.00,1.00,1.00,1.00,100.99,124.81,36.57,0.22,0.33,0.23,0.25,0.18,0.24,0.16
1.53,0.73,0.71,0.63,0.41,-0.60,0.49,0.63,2022-10-12,1.54,0.85,0.68,0.74,0.51,-0.68,0.51,0.63,1.54,0.91,0.68,0.82,0.65,-0.74,0.51,0.63,-7050.00,-10.00,0.00,-1.00,-1.00,-1.00,-981.60,-257.84,5907.50,1.00,98.00,1.00,1.00,1.00,258.74,982.50,5.36,0.24,0.34,0.25,0.27,0.20,0.52,0.49
1.75,0.71,0.68,0.58,0.40,-0.56,0.54,0.65,2022-10-20,1.79,0.83,0.61,0.63,0.46,-0.60,0.54,0.65,1.79,0.83,0.61,0.71,0.54,-0.65,0.54,0.65,-5800.00,-46.06,0.00,-1.00,-1.00,-1.00,-25.85,-65.10,7655.00,1.00,34.72,1.00,1.00,1.00,131.65,131.65,8.58,0.18,0.25,0.20,0.21,0.15,0.22,0.11
1.81,0.74,0.74,0.62,0.39,-0.60,0.50,0.61,2022-10-27,1.99,0.86,0.74,0.68,0.45,-0.66,0.52,0.61,1.99,0.86,0.74,0.77,0.51,-0.70,0.52,0.61,-10420.00,-46.11,0.00,-1.00,-1.00,-1.00,-262.67,-91.15,7730.00,1.00,796.84,1.00,1.00,1.00,92.05,263.57,22.41,0.30,0.53,0.22,0.24,0.18,0.34,0.30
1.56,0.69,0.71,0.55,0.38,-0.55,0.52,0.63,2022-10-30,1.63,0.72,0.67,0.59,0.41,-0.59,0.53,0.63,1.63,0.78,0.64,0.66,0.45,-0.64,0.53,0.63,-9320.00,-8.71,0.00,-0.82,-1.00,-1.00,-472.09,-472.09,7547.50,1.00,7.63,1.00,1.00,0.79,163.74,68.00,16.19,0.17,0.23,0.18,0.19,0.14,0.30,0.25
1.08,0.47,0.48,0.35,0.55,-0.36,0.33,0.75,2023-03-01,1.93,0.63,0.48,0.35,0.57,-0.38,0.45,0.73,1.93,0.63,0.48,0.01,0.84,-0.02,0.45,0.73,-8370.00,-36.33,0.00,-1.00,-1.00,-1.00,-56.10,-101.83,9755.00,1.00,267.00,1.00,1.00,1.00,102.73,57.00,41.96,0.36,0.41,0.23,0.23,0.23,0.35,0.22
1.42,0.67,0.81,0.53,0.33,-0.55,0.52,0.58,2023-03-16,1.57,0.69,0.76,0.54,0.32,-0.57,0.53,0.58,1.57,0.69,0.76,0.51,0.23,-0.59,0.53,0.58,-9200.00,-29.54,0.00,-1.00,-1.00,-1.00,-507.37,-93.76,9130.00,1.00,120.00,1.00,1.00,1.00,508.27,508.27,18.80,0.35,0.40,0.18,0.20,0.16,0.38,0.37
2.24,0.77,0.63,0.65,0.45,-0.59,0.57,0.64,2023-05-05,2.28,0.82,0.61,0.70,0.48,-0.62,0.58,0.64,2.28,0.85,0.58,0.73,0.50,-0.64,0.58,0.64,-8857.50,-2.05,0.20,-0.51,-0.54,-1.00,-15.73,-166.66,9010.00,1.00,4.82,1.00,0.84,0.56,167.56,16.63,10.49,0.18,0.24,0.19,0.21,0.15,0.20,0.12
2.04,0.81,0.58,0.71,0.50,-0.65,0.58,0.66,2023-05-08,2.07,0.92,0.52,0.79,0.54,-0.70,0.60,0.66,2.07,0.92,0.52,0.82,0.59,-0.70,0.60,0.66,-5585.00,-22.22,0.00,-1.00,-1.00,-1.00,-1582.25,-1582.25,6950.00,1.00,171.00,1.00,1.00,1.00,1583.15,506.00,5.03,0.20,0.28,0.21,0.23,0.17,0.78,0.76
1.99,0.79,0.59,0.69,0.50,-0.63,0.57,0.64,2023-05-10,2.02,0.83,0.53,0.77,0.55,-0.66,0.63,0.65,2.02,0.92,0.53,0.79,0.58,-0.66,0.63,0.65,-7650.00,-19.41,0.00,-1.00,-1.00,-1.00,-56.97,-31.00,15435.00,1.00,180.50,1.00,0.94,1.00,37.92,57.87,11.02,0.24,0.32,0.22,0.22,0.17,0.19,0.12
2.46,0.82,0.51,0.73,0.57,-0.65,0.61,0.68,2023-05-25,2.51,0.89,0.38,0.81,0.63,-0.70,0.66,0.68,2.51,0.92,0.38,0.88,0.68,-0.73,0.66,0.68,-9167.50,-6.29,0.00,-0.78,-1.00,-1.00,-57.82,-26.75,6625.00,1.00,66.00,1.00,1.00,0.84,47.55,58.72,11.70,0.19,0.24,0.21,0.22,0.16,0.19,0.10
2.30,0.84,0.49,0.75,0.58,-0.68,0.62,0.69,2023-05-28,2.33,0.93,0.43,0.84,0.66,-0.73,0.64,0.69,2.33,0.93,0.43,0.90,0.71,-0.76,0.64,0.69,-5470.00,-21.82,0.00,-1.00,-1.00,-1.00,-1556.77,-111.65,3865.00,1.00,24.40,1.00,1.00,1.00,112.55,1557.67,5.56,0.18,0.26,0.21,0.23,0.16,0.69,0.67
2.11,0.83,0.50,0.75,0.58,-0.67,0.61,0.67,2023-05-30,2.13,0.92,0.39,0.83,0.65,-0.73,0.62,0.67,2.13,0.95,0.39,0.90,0.70,-0.75,0.62,0.67,-7115.00,-4.63,0.00,-0.70,-1.00,-1.00,-13.43,-160.44,4787.50,1.00,49.14,1.00,1.00,0.68,161.34,14.33,4.57,0.19,0.25,0.21,0.22,0.17,0.19,0.11
2.29,0.83,0.51,0.74,0.57,-0.67,0.61,0.68,2023-06-04,2.32,0.91,0.36,0.83,0.65,-0.73,0.62,0.67,2.32,0.95,0.36,0.90,0.70,-0.78,0.62,0.67,-10725.00,-2.12,0.00,-0.52,-1.00,-1.00,-94.42,-70.51,4820.00,1.00,64.50,1.00,1.00,0.70,95.32,95.32,6.39,0.19,0.26,0.21,0.23,0.17,0.20,0.11
1.80,0.75,0.62,0.65,0.50,-0.62,0.55,0.59,2023-07-09,1.81,0.82,0.58,0.71,0.54,-0.65,0.55,0.59,1.81,0.92,0.58,0.90,0.70,-0.71,0.55,0.59,-3820.00,-22.04,0.00,-1.00,-1.00,-1.00,-64.83,-98.00,5690.00,1.00,237.00,1.00,1.00,1.00,98.90,65.73,4.76,0.30,0.32,0.23,0.19,0.17,0.14,0.10
2.16,0.75,0.72,0.65,0.43,-0.61,0.51,0.61,2023-08-23,2.20,0.86,0.61,0.78,0.52,-0.69,0.53,0.61,2.20,0.92,0.42,0.86,0.68,-0.74,0.53,0.61,-10470.00,-4.80,0.00,-0.71,-1.00,-1.00,-638.10,-36.19,14745.00,1.00,63.50,1.00,1.00,0.81,26.94,639.00,11.78,0.24,0.35,0.26,0.28,0.20,0.32,0.29
2.80,0.71,0.64,0.59,0.44,-0.54,0.54,0.66,2023-09-05,2.93,0.80,0.53,0.64,0.50,-0.57,0.55,0.66,2.93,0.89,0.47,0.80,0.58,-0.68,0.55,0.66,-9025.00,-3.05,0.20,-0.60,-0.81,-1.00,-61.05,-9.58,8820.00,1.00,13.71,1.00,0.85,0.41,167.14,167.14,26.09,0.20,0.25,0.22,0.22,0.17,0.22,0.11
1.88,0.76,0.70,0.67,0.44,-0.63,0.51,0.61,2023-09-07,1.90,0.92,0.55,0.81,0.55,-0.71,0.52,0.61,1.90,0.92,0.55,0.87,0.70,-0.77,0.52,0.61,-6265.00,-26.74,0.00,-1.00,-1.00,-1.00,-72.89,-72.89,3040.00,1.00,200.00,1.00,1.00,1.00,73.79,58.39,4.33,0.24,0.37,0.26,0.28,0.20,0.19,0.12
1.83,0.76,0.70,0.66,0.45,-0.63,0.50,0.61,2023-09-10,1.85,0.90,0.70,0.79,0.55,-0.71,0.52,0.61,1.85,0.90,0.70,0.87,0.70,-0.77,0.52,0.61,-6342.50,-31.81,0.00,-1.00,-1.00,-1.00,-537.21,-243.42,6180.00,1.00,527.00,1.00,1.00,1.00,244.32,538.11,5.05,0.24,0.42,0.26,0.29,0.20,0.33,0.29
2.80,0.69,0.69,0.57,0.41,-0.52,0.50,0.64,2023-09-12,3.42,0.77,0.59,0.63,0.48,-0.56,0.52,0.64,3.42,0.89,0.47,0.82,0.61,-0.68,0.52,0.64,-13610.00,-3.98,0.00,-0.67,-1.00,-1.00,-175.45,-175.45,16225.00,1.00,8.58,1.00,0.98,0.63,176.35,48.18,62.41,0.22,0.28,0.23,0.24,0.18,0.23,0.13
1.83,0.74,0.72,0.64,0.43,-0.61,0.49,0.61,2023-09-17,1.85,0.86,0.68,0.78,0.52,-0.69,0.51,0.61,1.85,0.92,0.68,0.86,0.70,-0.75,0.51,0.61,-4905.00,-4.20,0.00,-0.68,-1.00,-1.00,-87.40,-64.07,9317.50,1.00,69.00,1.00,1.00,0.73,88.30,88.30,5.87,0.25,0.34,0.27,0.28,0.20,0.20,0.12
1.71,0.76,0.69,0.66,0.45,-0.63,0.52,0.62,2023-09-20,1.74,0.91,0.68,0.79,0.54,-0.71,0.52,0.61,1.74,0.91,0.68,0.90,0.70,-0.82,0.52,0.61,-13160.00,-10.47,0.00,-1.00,-1.00,-1.00,-277.13,-180.41,9640.00,1.00,101.50,1.00,1.00,1.00,181.31,278.03,9.16,0.25,0.35,0.27,0.27,0.21,0.28,0.24
1.88,0.75,0.70,0.64,0.43,-0.61,0.50,0.62,2023-09-27,1.94,0.86,0.67,0.75,0.52,-0.68,0.52,0.62,1.94,0.92,0.67,0.86,0.68,-0.75,0.52,0.62,-9742.50,-5.37,0.00,-0.73,-1.00,-1.00,-235.72,-723.22,11005.00,1.00,81.00,1.00,1.00,0.75,724.12,236.62,15.77,0.24,0.32,0.25,0.27,0.19,0.38,0.35
2.07,0.75,0.70,0.64,0.42,-0.61,0.49,0.64,2023-10-02,2.13,0.83,0.68,0.76,0.51,-0.68,0.53,0.63,2.13,0.91,0.68,0.85,0.68,-0.74,0.53,0.63,-14505.00,-21.73,0.00,-1.00,-1.00,-1.00,-103.03,-138.48,8125.00,1.00,92.00,1.00,1.00,1.00,139.38,103.93,13.97,0.24,0.32,0.25,0.28,0.20,0.24,0.15
1.48,0.77,0.65,0.65,0.46,-0.63,0.56,0.61,2023-10-30,1.51,0.86,0.56,0.71,0.51,-0.66,0.56,0.61,1.51,0.86,0.56,0.77,0.60,-0.71,0.56,0.61,-7390.00,-31.32,0.00,-1.00,-1.00,-1.00,-101.41,-100.05,9742.50,1.00,21.89,1.00,1.00,1.00,57.91,102.31,6.06,0.17,0.23,0.19,0.19,0.15,0.15,0.11
