LEGNICA,2017,1,2,-0.1,0.3,2017-1-2
LEGNICA,2017,1,3,1.0,2.0,2017-1-3
LEGNICA,2017,1,4,1.9,0.7,2017-1-4
LEGNICA,2017,1,5,-2.7,0.0,2017-1-5
LEGNICA,2017,1,6,-7.3,0.0,2017-1-6
LEGNICA,2017,1,7,-8.5,0.5,2017-1-7
LEGNICA,2017,1,8,-8.1,0.0,2017-1-8
LEGNICA,2017,1,9,-4.7,0.0,2017-1-9
LEGNICA,2017,1,10,-5.0,0.0,2017-1-10
LEGNICA,2017,1,11,-4.8,1.1,2017-1-11
LEGNICA,2017,1,12,3.1,0.1,2017-1-12
LEGNICA,2017,1,13,2.7,0.2,2017-1-13
LEGNICA,2017,1,14,-0.3,1.1,2017-1-14
LEGNICA,2017,1,15,0.3,0.2,2017-1-15
LEGNICA,2017,1,16,-1.4,1.1,2017-1-16
LEGNICA,2017,1,17,-2.5,0.1,2017-1-17
LEGNICA,2017,1,18,-5.4,0.0,2017-1-18
LEGNICA,2017,1,19,-7.0,0.0,2017-1-19
LEGNICA,2017,1,20,-1.0,0.0,2017-1-20
LEGNICA,2017,1,21,-1.7,0.0,2017-1-21
LEGNICA,2017,1,22,-2.8,0.0,2017-1-22
LEGNICA,2017,1,23,-4.1,0.0,2017-1-23
LEGNICA,2017,1,24,-4.0,0.0,2017-1-24
LEGNICA,2017,1,25,-1.2,0.0,2017-1-25
LEGNICA,2017,1,26,-0.7,0.0,2017-1-26
LEGNICA,2017,1,27,-3.7,0.0,2017-1-27
LEGNICA,2017,1,28,-6.9,0.0,2017-1-28
LEGNICA,2017,1,29,-5.0,0.0,2017-1-29
LEGNICA,2017,1,30,-2.9,0.0,2017-1-30
LEGNICA,2017,1,31,-1.7,0.5,2017-1-31
LEGNICA,2017,2,1,-1.7,0.0,2017-2-1
LEGNICA,2017,2,2,-4.7,8.2,2017-2-2
LEGNICA,2017,2,3,0.1,0.0,2017-2-3
LEGNICA,2017,2,4,1.1,1.6,2017-2-4
LEGNICA,2017,2,5,1.2,0.0,2017-2-5
LEGNICA,2017,2,6,-1.5,0.0,2017-2-6
LEGNICA,2017,2,7,-2.3,0.0,2017-2-7
LEGNICA,2017,2,8,-5.4,0.0,2017-2-8
LEGNICA,2017,2,9,-5.3,0.0,2017-2-9
LEGNICA,2017,2,10,-3.4,0.1,2017-2-10
LEGNICA,2017,2,11,-3.0,0.0,2017-2-11
LEGNICA,2017,2,12,-2.6,0.0,2017-2-12
LEGNICA,2017,2,13,-6.4,0.0,2017-2-13
LEGNICA,2017,2,14,-4.6,0.0,2017-2-14
LEGNICA,2017,2,15,0.0,0.0,2017-2-15
LEGNICA,2017,2,16,3.0,0.8,2017-2-16
LEGNICA,2017,2,17,4.1,1.9,2017-2-17
LEGNICA,2017,2,18,3.5,0.4,2017-2-18
LEGNICA,2017,2,19,3.2,0.0,2017-2-19
LEGNICA,2017,2,20,6.4,0.7,2017-2-20
LEGNICA,2017,2,21,7.9,1.2,2017-2-21
LEGNICA,2017,2,22,7.4,9.9,2017-2-22
LEGNICA,2017,2,23,7.2,1.5,2017-2-23
LEGNICA,2017,2,24,4.4,0.5,2017-2-24
LEGNICA,2017,2,25,2.6,0.1,2017-2-25
LEGNICA,2017,2,26,7.2,0.0,2017-2-26
LEGNICA,2017,2,27,9.5,0.0,2017-2-27
LEGNICA,2017,2,28,9.6,0.0,2017-2-28
LEGNICA,2017,3,1,6.9,0.0,2017-3-1
LEGNICA,2017,3,2,6.5,0.8,2017-3-2
LEGNICA,2017,3,3,7.2,0.0,2017-3-3
LEGNICA,2017,3,4,9.9,0.0,2017-3-4
LEGNICA,2017,3,5,10.7,0.0,2017-3-5
LEGNICA,2017,3,6,6.1,0.0,2017-3-6
LEGNICA,2017,3,7,3.9,0.0,2017-3-7
LEGNICA,2017,3,8,4.9,1.1,2017-3-8
LEGNICA,2017,3,9,5.2,3.5,2017-3-9
LEGNICA,2017,3,10,5.0,2.4,2017-3-10
LEGNICA,2017,3,11,4.3,0.4,2017-3-11
LEGNICA,2017,3,12,2.3,0.0,2017-3-12
LEGNICA,2017,3,13,2.9,0.0,2017-3-13
LEGNICA,2017,3,14,5.4,0.0,2017-3-14
LEGNICA,2017,3,15,9.6,0.0,2017-3-15
LEGNICA,2017,3,16,7.6,0.0,2017-3-16
LEGNICA,2017,3,17,7.8,3.8,2017-3-17
LEGNICA,2017,3,18,6.2,1.6,2017-3-18
LEGNICA,2017,3,19,4.3,11.3,2017-3-19
LEGNICA,2017,3,20,10.9,0.0,2017-3-20
LEGNICA,2017,3,21,11.0,1.7,2017-3-21
LEGNICA,2017,3,22,6.3,0.1,2017-3-22
LEGNICA,2017,3,23,5.9,0.0,2017-3-23
LEGNICA,2017,3,24,7.5,0.0,2017-3-24
LEGNICA,2017,3,25,6.2,0.0,2017-3-25
LEGNICA,2017,3,26,4.9,0.0,2017-3-26
LEGNICA,2017,3,27,7.4,0.0,2017-3-27
LEGNICA,2017,3,28,10.8,0.0,2017-3-28
LEGNICA,2017,3,29,12.2,3.0,2017-3-29
LEGNICA,2017,3,30,11.2,0.1,2017-3-30
LEGNICA,2017,3,31,13.9,0.0,2017-3-31
LEGNICA,2017,4,1,16.7,0.0,2017-4-1
LEGNICA,2017,4,2,13.7,3.6,2017-4-2
LEGNICA,2017,4,3,9.6,7.7,2017-4-3
LEGNICA,2017,4,4,9.7,0.1,2017-4-4
LEGNICA,2017,4,5,9.1,0.3,2017-4-5
LEGNICA,2017,4,6,8.0,2.1,2017-4-6
LEGNICA,2017,4,7,7.1,3.2,2017-4-7
LEGNICA,2017,4,8,9.8,0.0,2017-4-8
LEGNICA,2017,4,9,11.8,0.0,2017-4-9
LEGNICA,2017,4,10,14.6,1.7,2017-4-10
LEGNICA,2017,4,11,7.5,0.1,2017-4-11
LEGNICA,2017,4,12,9.1,1.5,2017-4-12
LEGNICA,2017,4,13,8.9,0.0,2017-4-13
LEGNICA,2017,4,14,8.4,0.0,2017-4-14
LEGNICA,2017,4,15,9.7,1.1,2017-4-15
LEGNICA,2017,4,16,5.0,5.6,2017-4-16
LEGNICA,2017,4,17,5.1,1.6,2017-4-17
LEGNICA,2017,4,18,3.6,2.1,2017-4-18
LEGNICA,2017,4,19,3.4,0.0,2017-4-19
LEGNICA,2017,4,20,3.6,0.0,2017-4-20
LEGNICA,2017,4,21,7.9,0.5,2017-4-21
LEGNICA,2017,4,22,7.7,1.4,2017-4-22
LEGNICA,2017,4,23,4.3,4.4,2017-4-23
LEGNICA,2017,4,24,7.9,0.0,2017-4-24
LEGNICA,2017,4,25,10.8,0.0,2017-4-25
LEGNICA,2017,4,26,5.4,1.1,2017-4-26
LEGNICA,2017,4,27,5.9,2.8,2017-4-27
LEGNICA,2017,4,28,5.3,5.9,2017-4-28
LEGNICA,2017,4,29,7.0,0.1,2017-4-29
LEGNICA,2017,4,30,6.2,0.0,2017-4-30
LEGNICA,2017,5,1,9.6,0.0,2017-5-1
LEGNICA,2017,5,2,8.9,1.6,2017-5-2
LEGNICA,2017,5,3,10.1,7.0,2017-5-3
LEGNICA,2017,5,4,9.6,0.3,2017-5-4
LEGNICA,2017,5,5,12.1,3.8,2017-5-5
LEGNICA,2017,5,6,13.3,0.0,2017-5-6
LEGNICA,2017,5,7,10.2,0.0,2017-5-7
LEGNICA,2017,5,8,7.6,1.9,2017-5-8
LEGNICA,2017,5,9,4.7,0.0,2017-5-9
LEGNICA,2017,5,10,7.1,0.0,2017-5-10
LEGNICA,2017,5,11,11.7,0.0,2017-5-11
LEGNICA,2017,5,12,14.5,0.0,2017-5-12
LEGNICA,2017,5,13,16.2,0.0,2017-5-13
LEGNICA,2017,5,14,15.0,3.8,2017-5-14
LEGNICA,2017,5,15,15.7,1.7,2017-5-15
LEGNICA,2017,5,16,14.9,0.0,2017-5-16
LEGNICA,2017,5,17,15.8,0.0,2017-5-17
LEGNICA,2017,5,18,18.3,0.0,2017-5-18
LEGNICA,2017,5,19,20.2,0.0,2017-5-19
LEGNICA,2017,5,20,14.7,0.0,2017-5-20
LEGNICA,2017,5,21,16.2,0.0,2017-5-21
LEGNICA,2017,5,22,14.2,0.0,2017-5-22
LEGNICA,2017,5,23,16.5,2.2,2017-5-23
LEGNICA,2017,5,24,13.2,0.0,2017-5-24
LEGNICA,2017,5,25,14.4,0.0,2017-5-25
LEGNICA,2017,5,26,16.6,0.0,2017-5-26
LEGNICA,2017,5,27,16.6,0.0,2017-5-27
LEGNICA,2017,5,28,19.3,0.0,2017-5-28
LEGNICA,2017,5,29,21.3,6.1,2017-5-29
LEGNICA,2017,5,30,20.6,2.2,2017-5-30
LEGNICA,2017,5,31,19.5,0.0,2017-5-31
LEGNICA,2017,6,1,16.3,0.0,2017-6-1
LEGNICA,2017,6,2,17.6,0.0,2017-6-2
LEGNICA,2017,6,3,17.3,0.0,2017-6-3
LEGNICA,2017,6,4,17.3,4.6,2017-6-4
LEGNICA,2017,6,5,17.1,0.2,2017-6-5
LEGNICA,2017,6,6,17.6,7.3,2017-6-6
LEGNICA,2017,6,7,15.6,0.0,2017-6-7
LEGNICA,2017,6,8,16.2,0.0,2017-6-8
LEGNICA,2017,6,9,19.6,0.4,2017-6-9
LEGNICA,2017,6,10,17.6,4.5,2017-6-10
LEGNICA,2017,6,11,18.4,0.0,2017-6-11
LEGNICA,2017,6,12,21.3,0.0,2017-6-12
LEGNICA,2017,6,13,16.6,0.0,2017-6-13
LEGNICA,2017,6,14,16.9,0.0,2017-6-14
LEGNICA,2017,6,15,17.6,3.0,2017-6-15
LEGNICA,2017,6,16,16.4,11.0,2017-6-16
LEGNICA,2017,6,17,12.8,1.2,2017-6-17
LEGNICA,2017,6,18,19.0,0.0,2017-6-18
LEGNICA,2017,6,19,20.9,0.0,2017-6-19
LEGNICA,2017,6,20,23.5,0.0,2017-6-20
LEGNICA,2017,6,21,19.9,0.0,2017-6-21
LEGNICA,2017,6,22,20.6,2.1,2017-6-22
LEGNICA,2017,6,23,19.8,0.1,2017-6-23
LEGNICA,2017,6,24,22.1,0.0,2017-6-24
LEGNICA,2017,6,25,21.3,0.0,2017-6-25
LEGNICA,2017,6,26,19.6,0.0,2017-6-26
LEGNICA,2017,6,27,18.7,4.8,2017-6-27
LEGNICA,2017,6,28,20.5,1.1,2017-6-28
LEGNICA,2017,6,29,19.2,10.6,2017-6-29
LEGNICA,2017,6,30,18.7,0.9,2017-6-30
LEGNICA,2017,7,1,17.3,3.3,2017-7-1
LEGNICA,2017,7,2,17.5,0.0,2017-7-2
LEGNICA,2017,7,3,17.2,0.0,2017-7-3
LEGNICA,2017,7,4,17.9,0.0,2017-7-4
LEGNICA,2017,7,5,15.2,4.2,2017-7-5
LEGNICA,2017,7,6,18.6,0.0,2017-7-6
LEGNICA,2017,7,7,19.2,1.9,2017-7-7
LEGNICA,2017,7,8,19.9,8.3,2017-7-8
LEGNICA,2017,7,9,21.3,2.1,2017-7-9
LEGNICA,2017,7,10,21.9,10.7,2017-7-10
LEGNICA,2017,7,11,18.8,4.7,2017-7-11
LEGNICA,2017,7,12,19.7,8.7,2017-7-12
LEGNICA,2017,7,13,15.1,0.0,2017-7-13
LEGNICA,2017,7,14,15.5,0.0,2017-7-14
LEGNICA,2017,7,15,16.5,1.8,2017-7-15
LEGNICA,2017,7,16,18.2,0.0,2017-7-16
LEGNICA,2017,7,17,19.6,0.1,2017-7-17
LEGNICA,2017,7,18,20.2,0.0,2017-7-18
LEGNICA,2017,7,19,22.7,0.0,2017-7-19
LEGNICA,2017,7,20,23.1,1.4,2017-7-20
LEGNICA,2017,7,21,23.9,0.0,2017-7-21
LEGNICA,2017,7,22,23.1,1.9,2017-7-22
LEGNICA,2017,7,23,19.8,7.7,2017-7-23
LEGNICA,2017,7,24,18.9,13.9,2017-7-24
LEGNICA,2017,7,25,17.4,0.1,2017-7-25
LEGNICA,2017,7,26,17.6,7.1,2017-7-26
LEGNICA,2017,7,27,17.5,3.5,2017-7-27
LEGNICA,2017,7,28,18.4,1.3,2017-7-28
LEGNICA,2017,7,29,20.2,0.0,2017-7-29
LEGNICA,2017,7,30,25.4,0.0,2017-7-30
LEGNICA,2017,7,31,25.9,0.0,2017-7-31
LEGNICA,2017,8,1,26.9,4.3,2017-8-1
LEGNICA,2017,8,2,24.0,6.6,2017-8-2
LEGNICA,2017,8,3,23.6,0.1,2017-8-3
LEGNICA,2017,8,4,23.7,0.0,2017-8-4
LEGNICA,2017,8,5,22.4,5.8,2017-8-5
LEGNICA,2017,8,6,19.0,0.0,2017-8-6
LEGNICA,2017,8,7,18.0,0.0,2017-8-7
LEGNICA,2017,8,8,19.5,0.0,2017-8-8
LEGNICA,2017,8,9,22.4,0.1,2017-8-9
LEGNICA,2017,8,10,21.6,4.8,2017-8-10
LEGNICA,2017,8,11,19.6,43.8,2017-8-11
LEGNICA,2017,8,12,15.9,0.0,2017-8-12
LEGNICA,2017,8,13,18.1,0.4,2017-8-13
LEGNICA,2017,8,14,17.7,0.0,2017-8-14
LEGNICA,2017,8,15,19.6,0.0,2017-8-15
LEGNICA,2017,8,16,18.4,3.7,2017-8-16
LEGNICA,2017,8,17,20.7,0.0,2017-8-17
LEGNICA,2017,8,18,23.9,5.9,2017-8-18
LEGNICA,2017,8,19,19.0,0.0,2017-8-19
LEGNICA,2017,8,20,16.7,0.0,2017-8-20
LEGNICA,2017,8,21,16.3,0.0,2017-8-21
LEGNICA,2017,8,22,15.3,0.0,2017-8-22
LEGNICA,2017,8,23,15.0,0.0,2017-8-23
LEGNICA,2017,8,24,18.1,0.2,2017-8-24
LEGNICA,2017,8,25,19.4,0.0,2017-8-25
LEGNICA,2017,8,26,19.6,0.1,2017-8-26
LEGNICA,2017,8,27,20.3,0.0,2017-8-27
LEGNICA,2017,8,28,17.2,0.0,2017-8-28
LEGNICA,2017,8,29,17.5,0.0,2017-8-29
LEGNICA,2017,8,30,20.2,0.0,2017-8-30
LEGNICA,2017,8,31,23.8,18.1,2017-8-31
LEGNICA,2017,9,1,13.9,22.8,2017-9-1
LEGNICA,2017,9,2,13.9,1.3,2017-9-2
LEGNICA,2017,9,3,13.0,0.0,2017-9-3
LEGNICA,2017,9,4,14.1,0.0,2017-9-4
LEGNICA,2017,9,5,15.7,0.0,2017-9-5
LEGNICA,2017,9,6,15.6,5.1,2017-9-6
LEGNICA,2017,9,7,14.4,0.0,2017-9-7
LEGNICA,2017,9,8,14.7,0.0,2017-9-8
LEGNICA,2017,9,9,17.8,0.0,2017-9-9
LEGNICA,2017,9,10,14.8,0.3,2017-9-10
LEGNICA,2017,9,11,14.6,2.0,2017-9-11
LEGNICA,2017,9,12,15.0,0.0,2017-9-12
LEGNICA,2017,9,13,15.0,0.1,2017-9-13
LEGNICA,2017,9,14,15.3,0.7,2017-9-14
LEGNICA,2017,9,15,13.3,0.0,2017-9-15
LEGNICA,2017,9,16,11.2,0.2,2017-9-16
LEGNICA,2017,9,17,11.4,0.0,2017-9-17
LEGNICA,2017,9,18,12.4,0.0,2017-9-18
LEGNICA,2017,9,19,9.9,0.0,2017-9-19
LEGNICA,2017,9,20,11.3,0.0,2017-9-20
LEGNICA,2017,9,21,11.8,0.0,2017-9-21
LEGNICA,2017,9,22,12.1,0.2,2017-9-22
LEGNICA,2017,9,23,10.4,18.7,2017-9-23
LEGNICA,2017,9,24,13.3,5.5,2017-9-24
LEGNICA,2017,9,25,13.6,0.3,2017-9-25
LEGNICA,2017,9,26,12.8,0.0,2017-9-26
LEGNICA,2017,9,27,12.6,0.0,2017-9-27
LEGNICA,2017,9,28,13.1,0.5,2017-9-28
LEGNICA,2017,9,29,12.2,0.0,2017-9-29
LEGNICA,2017,9,30,12.7,0.0,2017-9-30
LEGNICA,2017,10,1,12.5,0.0,2017-10-1
LEGNICA,2017,10,2,12.7,3.4,2017-10-2
LEGNICA,2017,10,3,12.3,1.2,2017-10-3
LEGNICA,2017,10,4,12.3,0.0,2017-10-4
LEGNICA,2017,10,5,12.0,4.4,2017-10-5
LEGNICA,2017,10,6,10.1,2.0,2017-10-6
LEGNICA,2017,10,7,10.6,2.5,2017-10-7
LEGNICA,2017,10,8,10.4,1.9,2017-10-8
LEGNICA,2017,10,9,8.8,2.0,2017-10-9
LEGNICA,2017,10,10,10.8,0.5,2017-10-10
LEGNICA,2017,10,11,14.3,0.1,2017-10-11
LEGNICA,2017,10,12,14.4,0.0,2017-10-12
LEGNICA,2017,10,13,12.5,0.0,2017-10-13
LEGNICA,2017,10,14,15.0,0.0,2017-10-14
LEGNICA,2017,10,15,16.4,0.0,2017-10-15
LEGNICA,2017,10,16,14.2,0.0,2017-10-16
LEGNICA,2017,10,17,14.6,0.0,2017-10-17
LEGNICA,2017,10,18,12.3,0.0,2017-10-18
LEGNICA,2017,10,19,12.6,0.0,2017-10-19
LEGNICA,2017,10,20,12.5,0.0,2017-10-20
LEGNICA,2017,10,21,11.5,9.7,2017-10-21
LEGNICA,2017,10,22,11.0,4.5,2017-10-22
LEGNICA,2017,10,23,9.9,0.0,2017-10-23
LEGNICA,2017,10,24,10.3,1.7,2017-10-24
LEGNICA,2017,10,25,13.9,0.2,2017-10-25
LEGNICA,2017,10,26,13.2,1.7,2017-10-26
LEGNICA,2017,10,27,10.5,2.7,2017-10-27
LEGNICA,2017,10,28,8.8,5.9,2017-10-28
LEGNICA,2017,10,29,7.2,9.1,2017-10-29
LEGNICA,2017,10,30,5.2,0.0,2017-10-30
LEGNICA,2017,10,31,5.5,0.2,2017-10-31
LEGNICA,2017,11,1,8.7,0.1,2017-11-1
LEGNICA,2017,11,2,10.1,1.6,2017-11-2
LEGNICA,2017,11,3,8.9,0.0,2017-11-3
LEGNICA,2017,11,4,7.0,0.0,2017-11-4
LEGNICA,2017,11,5,9.2,0.3,2017-11-5
LEGNICA,2017,11,6,8.1,1.8,2017-11-6
LEGNICA,2017,11,7,7.8,0.4,2017-11-7
LEGNICA,2017,11,8,4.9,0.0,2017-11-8
LEGNICA,2017,11,9,6.3,0.0,2017-11-9
LEGNICA,2017,11,10,8.1,0.7,2017-11-10
LEGNICA,2017,11,11,5.8,2.2,2017-11-11
LEGNICA,2017,11,12,4.8,5.1,2017-11-12
LEGNICA,2017,11,13,3.6,0.0,2017-11-13
LEGNICA,2017,11,14,4.3,0.0,2017-11-14
LEGNICA,2017,11,15,6.2,0.4,2017-11-15
LEGNICA,2017,11,16,6.6,0.0,2017-11-16
LEGNICA,2017,11,17,4.5,0.2,2017-11-17
LEGNICA,2017,11,18,2.0,0.0,2017-11-18
LEGNICA,2017,11,19,4.0,4.0,2017-11-19
LEGNICA,2017,11,20,3.5,0.4,2017-11-20
LEGNICA,2017,11,21,3.7,7.6,2017-11-21
LEGNICA,2017,11,22,7.4,0.1,2017-11-22
LEGNICA,2017,11,23,5.4,0.0,2017-11-23
LEGNICA,2017,11,24,9.4,1.1,2017-11-24
LEGNICA,2017,11,25,7.0,0.7,2017-11-25
LEGNICA,2017,11,26,3.2,0.0,2017-11-26
LEGNICA,2017,11,27,3.7,0.0,2017-11-27
LEGNICA,2017,11,28,4.5,0.5,2017-11-28
LEGNICA,2017,11,29,3.3,0.0,2017-11-29
LEGNICA,2017,11,30,1.0,2.8,2017-11-30
LEGNICA,2017,12,1,0.9,0.0,2017-12-1
LEGNICA,2017,12,2,0.8,0.0,2017-12-2
LEGNICA,2017,12,3,0.4,0.0,2017-12-3
LEGNICA,2017,12,4,1.9,5.3,2017-12-4
LEGNICA,2017,12,5,4.7,0.6,2017-12-5
LEGNICA,2017,12,6,6.1,0.0,2017-12-6
LEGNICA,2017,12,7,5.1,0.0,2017-12-7
LEGNICA,2017,12,8,5.0,0.1,2017-12-8
LEGNICA,2017,12,9,1.3,0.0,2017-12-9
LEGNICA,2017,12,10,1.0,0.0,2017-12-10
LEGNICA,2017,12,11,6.7,0.0,2017-12-11
LEGNICA,2017,12,12,7.5,0.0,2017-12-12
LEGNICA,2017,12,13,2.4,0.0,2017-12-13
LEGNICA,2017,12,14,4.4,3.5,2017-12-14
LEGNICA,2017,12,15,2.4,2.9,2017-12-15
LEGNICA,2017,12,16,0.4,0.5,2017-12-16
LEGNICA,2017,12,17,1.0,2.6,2017-12-17
LEGNICA,2017,12,18,-2.6,0.0,2017-12-18
LEGNICA,2017,12,19,-2.7,0.8,2017-12-19
LEGNICA,2017,12,20,0.5,0.2,2017-12-20
LEGNICA,2017,12,21,3.7,3.1,2017-12-21
LEGNICA,2017,12,22,5.1,0.7,2017-12-22
LEGNICA,2017,12,23,6.4,0.0,2017-12-23
LEGNICA,2017,12,24,9.5,0.0,2017-12-24
LEGNICA,2017,12,25,6.9,0.0,2017-12-25
LEGNICA,2017,12,26,2.7,0.0,2017-12-26
LEGNICA,2017,12,27,3.8,1.7,2017-12-27
LEGNICA,2017,12,28,3.7,8.8,2017-12-28
LEGNICA,2017,12,29,1.6,0.0,2017-12-29
LEGNICA,2017,12,30,1.1,0.2,2017-12-30
LEGNICA,2017,12,31,9.4,0.1,2017-12-31
LEGNICA,2018,1,2,4.5,0.3,2018-1-2
LEGNICA,2018,1,3,4.1,4.3,2018-1-3
LEGNICA,2018,1,4,6.4,0.0,2018-1-4
LEGNICA,2018,1,5,8.1,0.0,2018-1-5
LEGNICA,2018,1,6,6.7,0.0,2018-1-6
LEGNICA,2018,1,7,3.3,1.5,2018-1-7
LEGNICA,2018,1,8,-0.9,0.0,2018-1-8
LEGNICA,2018,1,9,0.1,0.0,2018-1-9
LEGNICA,2018,1,10,3.2,14.1,2018-1-10
LEGNICA,2018,1,11,3.8,0.0,2018-1-11
LEGNICA,2018,1,12,1.4,0.0,2018-1-12
LEGNICA,2018,1,13,-0.3,0.0,2018-1-13
LEGNICA,2018,1,14,-2.0,0.0,2018-1-14
LEGNICA,2018,1,15,-2.2,0.0,2018-1-15
LEGNICA,2018,1,16,1.0,1.4,2018-1-16
LEGNICA,2018,1,17,1.6,0.3,2018-1-17
LEGNICA,2018,1,18,2.8,0.3,2018-1-18
LEGNICA,2018,1,19,2.0,0.4,2018-1-19
LEGNICA,2018,1,20,0.6,0.0,2018-1-20
LEGNICA,2018,1,21,-2.0,0.1,2018-1-21
LEGNICA,2018,1,22,-1.3,0.0,2018-1-22
LEGNICA,2018,1,23,0.2,0.0,2018-1-23
LEGNICA,2018,1,24,5.1,0.0,2018-1-24
LEGNICA,2018,1,25,6.2,0.0,2018-1-25
LEGNICA,2018,1,26,4.5,1.2,2018-1-26
LEGNICA,2018,1,27,5.2,2.3,2018-1-27
LEGNICA,2018,1,28,6.4,0.0,2018-1-28
LEGNICA,2018,1,29,9.8,0.3,2018-1-29
LEGNICA,2018,1,30,5.2,0.0,2018-1-30
LEGNICA,2018,1,31,4.3,0.9,2018-1-31
LEGNICA,2018,2,1,4.6,0.4,2018-2-1
LEGNICA,2018,2,2,2.5,0.0,2018-2-2
LEGNICA,2018,2,3,2.2,0.0,2018-2-3
LEGNICA,2018,2,4,0.5,0.0,2018-2-4
LEGNICA,2018,2,5,-2.7,0.5,2018-2-5
LEGNICA,2018,2,6,-6.2,0.0,2018-2-6
LEGNICA,2018,2,7,-3.1,0.0,2018-2-7
LEGNICA,2018,2,8,-0.9,0.0,2018-2-8
LEGNICA,2018,2,9,-1.7,0.0,2018-2-9
LEGNICA,2018,2,10,-0.9,0.0,2018-2-10
LEGNICA,2018,2,11,1.7,0.0,2018-2-11
LEGNICA,2018,2,12,2.5,0.0,2018-2-12
LEGNICA,2018,2,13,0.5,0.0,2018-2-13
LEGNICA,2018,2,14,-2.6,0.0,2018-2-14
LEGNICA,2018,2,15,-0.3,0.0,2018-2-15
LEGNICA,2018,2,16,3.8,0.0,2018-2-16
LEGNICA,2018,2,17,1.6,0.0,2018-2-17
LEGNICA,2018,2,18,1.0,0.0,2018-2-18
LEGNICA,2018,2,19,-1.1,0.0,2018-2-19
LEGNICA,2018,2,20,-1.3,0.0,2018-2-20
LEGNICA,2018,2,21,-2.6,0.0,2018-2-21
LEGNICA,2018,2,22,-3.5,0.0,2018-2-22
LEGNICA,2018,2,23,-5.2,0.0,2018-2-23
LEGNICA,2018,2,24,-6.1,0.0,2018-2-24
LEGNICA,2018,2,25,-8.3,0.0,2018-2-25
LEGNICA,2018,2,26,-9.2,0.0,2018-2-26
LEGNICA,2018,2,27,-10.2,0.0,2018-2-27
LEGNICA,2018,2,28,-9.8,0.0,2018-2-28
LEGNICA,2018,3,1,-9.4,0.0,2018-3-1
LEGNICA,2018,3,2,-8.9,0.0,2018-3-2
LEGNICA,2018,3,3,-9.2,0.0,2018-3-3
LEGNICA,2018,3,4,-5.2,0.0,2018-3-4
LEGNICA,2018,3,5,0.0,0.0,2018-3-5
LEGNICA,2018,3,6,1.3,8.9,2018-3-6
LEGNICA,2018,3,7,1.9,0.0,2018-3-7
LEGNICA,2018,3,8,4.9,0.0,2018-3-8
LEGNICA,2018,3,9,5.6,0.0,2018-3-9
LEGNICA,2018,3,10,6.4,0.0,2018-3-10
LEGNICA,2018,3,11,10.5,0.0,2018-3-11
LEGNICA,2018,3,12,8.3,3.4,2018-3-12
LEGNICA,2018,3,13,10.1,0.3,2018-3-13
LEGNICA,2018,3,14,5.2,1.8,2018-3-14
LEGNICA,2018,3,15,3.8,1.0,2018-3-15
LEGNICA,2018,3,16,0.2,5.6,2018-3-16
LEGNICA,2018,3,17,-4.9,0.2,2018-3-17
LEGNICA,2018,3,18,-5.3,0.0,2018-3-18
LEGNICA,2018,3,19,-5.2,0.0,2018-3-19
LEGNICA,2018,3,20,-2.1,0.1,2018-3-20
LEGNICA,2018,3,21,0.0,0.0,2018-3-21
LEGNICA,2018,3,22,1.3,0.1,2018-3-22
LEGNICA,2018,3,23,2.6,0.0,2018-3-23
LEGNICA,2018,3,24,2.9,0.0,2018-3-24
LEGNICA,2018,3,25,4.1,0.0,2018-3-25
LEGNICA,2018,3,26,3.4,0.0,2018-3-26
LEGNICA,2018,3,27,3.3,0.0,2018-3-27
LEGNICA,2018,3,28,3.3,2.4,2018-3-28
LEGNICA,2018,3,29,6.4,0.0,2018-3-29
LEGNICA,2018,3,30,6.4,0.0,2018-3-30
LEGNICA,2018,3,31,6.3,0.1,2018-3-31
LEGNICA,2018,4,1,2.6,0.1,2018-4-1
LEGNICA,2018,4,2,5.3,0.0,2018-4-2
LEGNICA,2018,4,3,10.9,0.0,2018-4-3
LEGNICA,2018,4,4,16.0,0.0,2018-4-4
LEGNICA,2018,4,5,12.5,4.0,2018-4-5
LEGNICA,2018,4,6,7.0,0.0,2018-4-6
LEGNICA,2018,4,7,10.0,0.0,2018-4-7
LEGNICA,2018,4,8,12.1,3.3,2018-4-8
LEGNICA,2018,4,9,12.8,0.0,2018-4-9
LEGNICA,2018,4,10,15.0,0.0,2018-4-10
LEGNICA,2018,4,11,14.3,0.0,2018-4-11
LEGNICA,2018,4,12,16.2,1.2,2018-4-12
LEGNICA,2018,4,13,14.5,1.3,2018-4-13
LEGNICA,2018,4,14,14.3,0.0,2018-4-14
LEGNICA,2018,4,15,15.3,5.2,2018-4-15
LEGNICA,2018,4,16,15.2,2.8,2018-4-16
LEGNICA,2018,4,17,12.7,0.0,2018-4-17
LEGNICA,2018,4,18,13.8,0.0,2018-4-18
LEGNICA,2018,4,19,15.6,0.0,2018-4-19
LEGNICA,2018,4,20,16.3,0.0,2018-4-20
LEGNICA,2018,4,21,17.3,0.0,2018-4-21
LEGNICA,2018,4,22,14.0,0.5,2018-4-22
LEGNICA,2018,4,23,16.1,0.2,2018-4-23
LEGNICA,2018,4,24,15.2,0.0,2018-4-24
LEGNICA,2018,4,25,15.0,2.3,2018-4-25
LEGNICA,2018,4,26,11.5,0.8,2018-4-26
LEGNICA,2018,4,27,11.3,0.0,2018-4-27
LEGNICA,2018,4,28,16.4,0.0,2018-4-28
LEGNICA,2018,4,29,17.7,0.0,2018-4-29
LEGNICA,2018,4,30,18.3,0.1,2018-4-30
LEGNICA,2018,5,1,14.3,0.0,2018-5-1
LEGNICA,2018,5,2,13.9,0.0,2018-5-2
LEGNICA,2018,5,3,14.9,4.4,2018-5-3
LEGNICA,2018,5,4,13.3,0.0,2018-5-4
LEGNICA,2018,5,5,12.0,0.0,2018-5-5
LEGNICA,2018,5,6,12.8,0.0,2018-5-6
LEGNICA,2018,5,7,14.6,0.0,2018-5-7
LEGNICA,2018,5,8,16.1,0.0,2018-5-8
LEGNICA,2018,5,9,17.5,8.5,2018-5-9
LEGNICA,2018,5,10,18.0,2.5,2018-5-10
LEGNICA,2018,5,11,16.1,0.0,2018-5-11
LEGNICA,2018,5,12,16.4,0.0,2018-5-12
LEGNICA,2018,5,13,17.7,0.0,2018-5-13
LEGNICA,2018,5,14,15.9,0.0,2018-5-14
LEGNICA,2018,5,15,13.1,1.7,2018-5-15
LEGNICA,2018,5,16,14.7,13.3,2018-5-16
LEGNICA,2018,5,17,14.2,9.2,2018-5-17
LEGNICA,2018,5,18,13.6,0.0,2018-5-18
LEGNICA,2018,5,19,14.6,0.0,2018-5-19
LEGNICA,2018,5,20,13.8,0.0,2018-5-20
LEGNICA,2018,5,21,14.7,0.0,2018-5-21
LEGNICA,2018,5,22,15.9,0.0,2018-5-22
LEGNICA,2018,5,23,19.5,0.0,2018-5-23
LEGNICA,2018,5,24,18.5,0.0,2018-5-24
LEGNICA,2018,5,25,17.3,0.0,2018-5-25
LEGNICA,2018,5,26,18.7,0.0,2018-5-26
LEGNICA,2018,5,27,20.3,0.0,2018-5-27
LEGNICA,2018,5,28,21.5,0.0,2018-5-28
LEGNICA,2018,5,29,20.8,0.0,2018-5-29
LEGNICA,2018,5,30,21.6,0.0,2018-5-30
LEGNICA,2018,5,31,23.2,0.0,2018-5-31
LEGNICA,2018,6,1,23.3,0.0,2018-6-1
LEGNICA,2018,6,2,21.5,0.0,2018-6-2
LEGNICA,2018,6,3,20.5,5.2,2018-6-3
LEGNICA,2018,6,4,21.2,0.1,2018-6-4
LEGNICA,2018,6,5,20.8,0.0,2018-6-5
LEGNICA,2018,6,6,16.8,0.0,2018-6-6
LEGNICA,2018,6,7,17.8,0.0,2018-6-7
LEGNICA,2018,6,8,22.1,0.0,2018-6-8
LEGNICA,2018,6,9,22.1,0.0,2018-6-9
LEGNICA,2018,6,10,22.3,5.3,2018-6-10
LEGNICA,2018,6,11,20.8,5.7,2018-6-11
LEGNICA,2018,6,12,19.2,0.0,2018-6-12
LEGNICA,2018,6,13,16.3,0.0,2018-6-13
LEGNICA,2018,6,14,15.6,0.0,2018-6-14
LEGNICA,2018,6,15,17.9,0.0,2018-6-15
LEGNICA,2018,6,16,19.4,0.0,2018-6-16
LEGNICA,2018,6,17,21.5,0.7,2018-6-17
LEGNICA,2018,6,18,20.4,0.0,2018-6-18
LEGNICA,2018,6,19,20.8,0.0,2018-6-19
LEGNICA,2018,6,20,23.1,0.0,2018-6-20
LEGNICA,2018,6,21,21.8,1.5,2018-6-21
LEGNICA,2018,6,22,11.9,0.7,2018-6-22
LEGNICA,2018,6,23,13.2,4.5,2018-6-23
LEGNICA,2018,6,24,13.4,7.6,2018-6-24
LEGNICA,2018,6,25,16.4,0.2,2018-6-25
LEGNICA,2018,6,26,14.6,17.3,2018-6-26
LEGNICA,2018,6,27,16.0,0.1,2018-6-27
LEGNICA,2018,6,28,17.9,2.4,2018-6-28
LEGNICA,2018,6,29,22.0,0.0,2018-6-29
LEGNICA,2018,6,30,15.9,0.0,2018-6-30
LEGNICA,2018,7,1,15.1,0.0,2018-7-1
LEGNICA,2018,7,2,14.8,0.0,2018-7-2
LEGNICA,2018,7,3,19.1,0.0,2018-7-3
LEGNICA,2018,7,4,21.6,0.0,2018-7-4
LEGNICA,2018,7,5,23.4,0.3,2018-7-5
LEGNICA,2018,7,6,20.6,0.0,2018-7-6
LEGNICA,2018,7,7,19.9,0.0,2018-7-7
LEGNICA,2018,7,8,20.3,0.0,2018-7-8
LEGNICA,2018,7,9,21.4,0.0,2018-7-9
LEGNICA,2018,7,10,16.9,5.0,2018-7-10
LEGNICA,2018,7,11,16.8,4.9,2018-7-11
LEGNICA,2018,7,12,16.6,2.1,2018-7-12
LEGNICA,2018,7,13,18.7,0.9,2018-7-13
LEGNICA,2018,7,14,20.2,3.4,2018-7-14
LEGNICA,2018,7,15,19.8,0.0,2018-7-15
LEGNICA,2018,7,16,21.3,5.8,2018-7-16
LEGNICA,2018,7,17,18.7,14.4,2018-7-17
LEGNICA,2018,7,18,18.7,7.0,2018-7-18
LEGNICA,2018,7,19,18.7,0.2,2018-7-19
LEGNICA,2018,7,20,21.3,0.0,2018-7-20
LEGNICA,2018,7,21,21.4,0.0,2018-7-21
LEGNICA,2018,7,22,20.9,0.0,2018-7-22
LEGNICA,2018,7,23,21.9,0.2,2018-7-23
LEGNICA,2018,7,24,22.2,0.0,2018-7-24
LEGNICA,2018,7,25,23.6,0.0,2018-7-25
LEGNICA,2018,7,26,23.5,0.0,2018-7-26
LEGNICA,2018,7,27,22.6,0.0,2018-7-27
LEGNICA,2018,7,28,24.4,0.0,2018-7-28
LEGNICA,2018,7,29,24.3,0.0,2018-7-29
LEGNICA,2018,7,30,24.3,0.0,2018-7-30
LEGNICA,2018,7,31,25.6,0.0,2018-7-31
LEGNICA,2018,8,1,26.6,0.0,2018-8-1
LEGNICA,2018,8,2,27.4,0.0,2018-8-2
LEGNICA,2018,8,3,25.9,0.0,2018-8-3
LEGNICA,2018,8,4,25.0,0.0,2018-8-4
LEGNICA,2018,8,5,23.0,0.3,2018-8-5
LEGNICA,2018,8,6,20.9,0.0,2018-8-6
LEGNICA,2018,8,7,24.9,0.0,2018-8-7
LEGNICA,2018,8,8,27.0,0.0,2018-8-8
LEGNICA,2018,8,9,26.9,0.0,2018-8-9
LEGNICA,2018,8,10,21.0,2.9,2018-8-10
LEGNICA,2018,8,11,19.9,0.0,2018-8-11
LEGNICA,2018,8,12,19.4,0.0,2018-8-12
LEGNICA,2018,8,13,24.1,3.5,2018-8-13
LEGNICA,2018,8,14,22.4,0.0,2018-8-14
LEGNICA,2018,8,15,20.6,0.0,2018-8-15
LEGNICA,2018,8,16,20.7,0.0,2018-8-16
LEGNICA,2018,8,17,22.7,0.0,2018-8-17
LEGNICA,2018,8,18,22.1,0.4,2018-8-18
LEGNICA,2018,8,19,23.4,0.0,2018-8-19
LEGNICA,2018,8,20,23.8,0.0,2018-8-20
LEGNICA,2018,8,21,20.5,0.0,2018-8-21
LEGNICA,2018,8,22,21.1,0.0,2018-8-22
LEGNICA,2018,8,23,25.1,0.0,2018-8-23
LEGNICA,2018,8,24,21.2,13.6,2018-8-24
LEGNICA,2018,8,25,17.1,0.4,2018-8-25
LEGNICA,2018,8,26,15.1,0.0,2018-8-26
LEGNICA,2018,8,27,16.9,0.0,2018-8-27
LEGNICA,2018,8,28,18.4,0.0,2018-8-28
LEGNICA,2018,8,29,17.5,0.0,2018-8-29
LEGNICA,2018,8,30,18.5,0.6,2018-8-30
LEGNICA,2018,8,31,18.0,0.4,2018-8-31
LEGNICA,2018,9,1,15.7,40.3,2018-9-1
LEGNICA,2018,9,2,18.5,0.0,2018-9-2
LEGNICA,2018,9,3,21.2,0.0,2018-9-3
LEGNICA,2018,9,4,18.7,0.0,2018-9-4
LEGNICA,2018,9,5,17.8,0.0,2018-9-5
LEGNICA,2018,9,6,17.5,0.0,2018-9-6
LEGNICA,2018,9,7,18.5,0.0,2018-9-7
LEGNICA,2018,9,8,18.0,0.0,2018-9-8
LEGNICA,2018,9,9,16.4,0.0,2018-9-9
LEGNICA,2018,9,10,17.9,0.0,2018-9-10
LEGNICA,2018,9,11,20.0,0.0,2018-9-11
LEGNICA,2018,9,12,22.6,0.0,2018-9-12
LEGNICA,2018,9,13,17.0,0.0,2018-9-13
LEGNICA,2018,9,14,14.6,0.8,2018-9-14
LEGNICA,2018,9,15,15.3,0.0,2018-9-15
LEGNICA,2018,9,16,15.8,0.0,2018-9-16
LEGNICA,2018,9,17,16.9,0.0,2018-9-17
LEGNICA,2018,9,18,20.1,0.0,2018-9-18
LEGNICA,2018,9,19,22.1,0.0,2018-9-19
LEGNICA,2018,9,20,21.2,0.0,2018-9-20
LEGNICA,2018,9,21,21.8,2.7,2018-9-21
LEGNICA,2018,9,22,13.9,0.1,2018-9-22
LEGNICA,2018,9,23,13.2,16.0,2018-9-23
LEGNICA,2018,9,24,9.3,0.5,2018-9-24
LEGNICA,2018,9,25,8.0,0.0,2018-9-25
LEGNICA,2018,9,26,9.2,0.0,2018-9-26
LEGNICA,2018,9,27,15.7,0.1,2018-9-27
LEGNICA,2018,9,28,12.2,0.0,2018-9-28
LEGNICA,2018,9,29,8.5,0.0,2018-9-29
LEGNICA,2018,9,30,9.3,0.0,2018-9-30
LEGNICA,2018,10,1,8.3,0.8,2018-10-1
LEGNICA,2018,10,2,9.6,0.1,2018-10-2
LEGNICA,2018,10,3,10.7,0.2,2018-10-3
LEGNICA,2018,10,4,10.6,0.0,2018-10-4
LEGNICA,2018,10,5,12.7,0.0,2018-10-5
LEGNICA,2018,10,6,14.7,0.0,2018-10-6
LEGNICA,2018,10,7,12.8,0.0,2018-10-7
LEGNICA,2018,10,8,10.1,0.0,2018-10-8
LEGNICA,2018,10,9,10.9,0.0,2018-10-9
LEGNICA,2018,10,10,13.4,0.0,2018-10-10
LEGNICA,2018,10,11,16.7,0.0,2018-10-11
LEGNICA,2018,10,12,16.3,0.0,2018-10-12
LEGNICA,2018,10,13,14.3,0.0,2018-10-13
LEGNICA,2018,10,14,16.9,0.0,2018-10-14
LEGNICA,2018,10,15,18.0,0.0,2018-10-15
LEGNICA,2018,10,16,16.6,0.0,2018-10-16
LEGNICA,2018,10,17,12.5,0.0,2018-10-17
LEGNICA,2018,10,18,11.4,0.0,2018-10-18
LEGNICA,2018,10,19,12.2,0.0,2018-10-19
LEGNICA,2018,10,20,10.2,0.0,2018-10-20
LEGNICA,2018,10,21,7.8,0.0,2018-10-21
LEGNICA,2018,10,22,6.1,0.9,2018-10-22
LEGNICA,2018,10,23,7.7,4.7,2018-10-23
LEGNICA,2018,10,24,8.4,0.5,2018-10-24
LEGNICA,2018,10,25,10.1,0.6,2018-10-25
LEGNICA,2018,10,26,9.3,0.0,2018-10-26
LEGNICA,2018,10,27,8.3,0.0,2018-10-27
LEGNICA,2018,10,28,4.4,24.6,2018-10-28
LEGNICA,2018,10,29,5.1,0.1,2018-10-29
LEGNICA,2018,10,30,16.7,0.0,2018-10-30
LEGNICA,2018,10,31,10.5,0.0,2018-10-31
LEGNICA,2018,11,1,12.9,0.0,2018-11-1
LEGNICA,2018,11,2,11.8,5.6,2018-11-2
LEGNICA,2018,11,3,9.8,1.7,2018-11-3
LEGNICA,2018,11,4,10.3,0.0,2018-11-4
LEGNICA,2018,11,5,12.4,0.0,2018-11-5
LEGNICA,2018,11,6,14.3,0.0,2018-11-6
LEGNICA,2018,11,7,12.8,0.0,2018-11-7
LEGNICA,2018,11,8,8.7,0.0,2018-11-8
LEGNICA,2018,11,9,7.4,0.0,2018-11-9
LEGNICA,2018,11,10,7.5,0.0,2018-11-10
LEGNICA,2018,11,11,4.7,0.0,2018-11-11
LEGNICA,2018,11,12,9.4,0.0,2018-11-12
LEGNICA,2018,11,13,9.3,1.0,2018-11-13
LEGNICA,2018,11,14,8.0,0.0,2018-11-14
LEGNICA,2018,11,15,4.2,0.0,2018-11-15
LEGNICA,2018,11,16,2.5,0.1,2018-11-16
LEGNICA,2018,11,17,0.9,0.0,2018-11-17
LEGNICA,2018,11,18,-2.8,1.3,2018-11-18
LEGNICA,2018,11,19,1.5,0.1,2018-11-19
LEGNICA,2018,11,20,0.9,0.0,2018-11-20
LEGNICA,2018,11,21,0.4,0.0,2018-11-21
LEGNICA,2018,11,22,0.8,0.0,2018-11-22
LEGNICA,2018,11,23,2.6,0.0,2018-11-23
LEGNICA,2018,11,24,1.3,0.0,2018-11-24
LEGNICA,2018,11,25,3.4,0.0,2018-11-25
LEGNICA,2018,11,26,3.0,0.0,2018-11-26
LEGNICA,2018,11,27,-0.6,0.0,2018-11-27
LEGNICA,2018,11,28,-0.4,0.0,2018-11-28
LEGNICA,2018,11,29,-1.8,0.0,2018-11-29
LEGNICA,2018,11,30,0.3,0.0,2018-11-30
LEGNICA,2018,12,1,0.2,0.2,2018-12-1
LEGNICA,2018,12,2,2.8,0.6,2018-12-2
LEGNICA,2018,12,3,8.6,0.2,2018-12-3
LEGNICA,2018,12,4,7.1,0.1,2018-12-4
LEGNICA,2018,12,5,2.3,0.0,2018-12-5
LEGNICA,2018,12,6,3.0,0.7,2018-12-6
LEGNICA,2018,12,7,10.1,1.8,2018-12-7
LEGNICA,2018,12,8,8.2,1.3,2018-12-8
LEGNICA,2018,12,9,7.4,1.7,2018-12-9
LEGNICA,2018,12,10,4.0,6.4,2018-12-10
LEGNICA,2018,12,11,2.6,2.6,2018-12-11
LEGNICA,2018,12,12,1.1,0.0,2018-12-12
LEGNICA,2018,12,13,0.0,0.3,2018-12-13
LEGNICA,2018,12,14,0.0,0.0,2018-12-14
LEGNICA,2018,12,15,-0.2,0.3,2018-12-15
LEGNICA,2018,12,16,-1.3,0.0,2018-12-16
LEGNICA,2018,12,17,-0.1,0.0,2018-12-17
LEGNICA,2018,12,18,2.1,0.2,2018-12-18
LEGNICA,2018,12,19,1.4,0.7,2018-12-19
LEGNICA,2018,12,20,1.6,0.6,2018-12-20
LEGNICA,2018,12,21,5.3,1.6,2018-12-21
LEGNICA,2018,12,22,8.1,6.4,2018-12-22
LEGNICA,2018,12,23,5.4,2.6,2018-12-23
LEGNICA,2018,12,24,1.8,0.2,2018-12-24
LEGNICA,2018,12,25,2.9,2.0,2018-12-25
LEGNICA,2018,12,26,4.4,0.0,2018-12-26
LEGNICA,2018,12,27,6.2,0.0,2018-12-27
LEGNICA,2018,12,28,5.2,1.9,2018-12-28
LEGNICA,2018,12,29,5.2,0.2,2018-12-29
LEGNICA,2018,12,30,5.1,3.0,2018-12-30
LEGNICA,2018,12,31,2.7,0.0,2018-12-31
LEGNICA,2019,1,2,1.2,1.0,2019-1-2
LEGNICA,2019,1,3,-1.2,0.1,2019-1-3
LEGNICA,2019,1,4,-0.8,2.5,2019-1-4
LEGNICA,2019,1,5,3.4,1.4,2019-1-5
LEGNICA,2019,1,6,0.7,0.3,2019-1-6
LEGNICA,2019,1,7,0.5,1.8,2019-1-7
LEGNICA,2019,1,8,4.2,2.9,2019-1-8
LEGNICA,2019,1,9,1.4,5.8,2019-1-9
LEGNICA,2019,1,10,0.4,0.1,2019-1-10
LEGNICA,2019,1,11,-0.1,2.0,2019-1-11
LEGNICA,2019,1,12,3.7,0.9,2019-1-12
LEGNICA,2019,1,13,4.9,4.4,2019-1-13
LEGNICA,2019,1,14,2.2,0.0,2019-1-14
LEGNICA,2019,1,15,2.2,0.8,2019-1-15
LEGNICA,2019,1,16,5.3,0.0,2019-1-16
LEGNICA,2019,1,17,4.8,0.1,2019-1-17
LEGNICA,2019,1,18,0.4,0.0,2019-1-18
LEGNICA,2019,1,19,-1.5,0.0,2019-1-19
LEGNICA,2019,1,20,-4.7,0.0,2019-1-20
LEGNICA,2019,1,21,-4.6,0.0,2019-1-21
LEGNICA,2019,1,22,-6.3,0.0,2019-1-22
LEGNICA,2019,1,23,-6.1,0.0,2019-1-23
LEGNICA,2019,1,24,-4.3,0.3,2019-1-24
LEGNICA,2019,1,25,-4.4,0.0,2019-1-25
LEGNICA,2019,1,26,-1.0,2.1,2019-1-26
LEGNICA,2019,1,27,3.2,0.0,2019-1-27
LEGNICA,2019,1,28,2.6,0.0,2019-1-28
LEGNICA,2019,1,29,1.2,0.0,2019-1-29
LEGNICA,2019,1,30,-1.3,0.0,2019-1-30
LEGNICA,2019,1,31,-1.7,0.0,2019-1-31
LEGNICA,2019,2,1,1.6,0.0,2019-2-1
LEGNICA,2019,2,2,4.8,0.5,2019-2-2
LEGNICA,2019,2,3,0.7,11.9,2019-2-3
LEGNICA,2019,2,4,-0.2,0.0,2019-2-4
LEGNICA,2019,2,5,-3.4,0.0,2019-2-5
LEGNICA,2019,2,6,0.7,0.0,2019-2-6
LEGNICA,2019,2,7,-1.7,0.4,2019-2-7
LEGNICA,2019,2,8,3.4,0.0,2019-2-8
LEGNICA,2019,2,9,5.8,0.0,2019-2-9
LEGNICA,2019,2,10,5.3,0.0,2019-2-10
LEGNICA,2019,2,11,5.0,1.0,2019-2-11
LEGNICA,2019,2,12,2.6,0.1,2019-2-12
LEGNICA,2019,2,13,4.3,0.0,2019-2-13
LEGNICA,2019,2,14,5.8,0.0,2019-2-14
LEGNICA,2019,2,15,5.2,0.0,2019-2-15
LEGNICA,2019,2,16,5.2,0.0,2019-2-16
LEGNICA,2019,2,17,4.7,0.0,2019-2-17
LEGNICA,2019,2,18,4.1,0.0,2019-2-18
LEGNICA,2019,2,19,4.9,0.0,2019-2-19
LEGNICA,2019,2,20,7.0,0.0,2019-2-20
LEGNICA,2019,2,21,7.2,9.3,2019-2-21
LEGNICA,2019,2,22,2.1,0.0,2019-2-22
LEGNICA,2019,2,23,-2.7,0.0,2019-2-23
LEGNICA,2019,2,24,2.5,0.0,2019-2-24
LEGNICA,2019,2,25,7.4,0.0,2019-2-25
LEGNICA,2019,2,26,7.4,0.0,2019-2-26
LEGNICA,2019,2,27,5.9,0.0,2019-2-27
LEGNICA,2019,2,28,10.2,0.0,2019-2-28
LEGNICA,2019,3,1,4.7,4.4,2019-3-1
LEGNICA,2019,3,2,2.9,0.0,2019-3-2
LEGNICA,2019,3,3,8.7,0.0,2019-3-3
LEGNICA,2019,3,4,11.4,0.0,2019-3-4
LEGNICA,2019,3,5,6.1,3.9,2019-3-5
LEGNICA,2019,3,6,6.6,0.0,2019-3-6
LEGNICA,2019,3,7,10.8,0.0,2019-3-7
LEGNICA,2019,3,8,8.9,0.1,2019-3-8
LEGNICA,2019,3,9,6.7,5.2,2019-3-9
LEGNICA,2019,3,10,6.8,4.5,2019-3-10
LEGNICA,2019,3,11,2.8,6.3,2019-3-11
LEGNICA,2019,3,12,3.9,0.1,2019-3-12
LEGNICA,2019,3,13,7.1,0.0,2019-3-13
LEGNICA,2019,3,14,6.8,2.0,2019-3-14
LEGNICA,2019,3,15,7.7,0.9,2019-3-15
LEGNICA,2019,3,16,7.5,1.9,2019-3-16
LEGNICA,2019,3,17,11.3,0.2,2019-3-17
LEGNICA,2019,3,18,6.2,0.0,2019-3-18
LEGNICA,2019,3,19,4.5,0.0,2019-3-19
LEGNICA,2019,3,20,5.1,0.0,2019-3-20
LEGNICA,2019,3,21,9.0,0.0,2019-3-21
LEGNICA,2019,3,22,7.0,0.0,2019-3-22
LEGNICA,2019,3,23,10.8,0.0,2019-3-23
LEGNICA,2019,3,24,8.6,0.0,2019-3-24
LEGNICA,2019,3,25,4.7,0.0,2019-3-25
LEGNICA,2019,3,26,4.8,0.0,2019-3-26
LEGNICA,2019,3,27,5.5,0.9,2019-3-27
LEGNICA,2019,3,28,8.8,0.1,2019-3-28
LEGNICA,2019,3,29,9.0,0.0,2019-3-29
LEGNICA,2019,3,30,8.6,0.0,2019-3-30
LEGNICA,2019,3,31,8.9,0.0,2019-3-31
LEGNICA,2019,4,1,4.9,0.0,2019-4-1
LEGNICA,2019,4,2,7.2,0.0,2019-4-2
LEGNICA,2019,4,3,12.5,0.0,2019-4-3
LEGNICA,2019,4,4,13.5,0.0,2019-4-4
LEGNICA,2019,4,5,14.2,0.0,2019-4-5
LEGNICA,2019,4,6,11.5,0.0,2019-4-6
LEGNICA,2019,4,7,10.3,0.0,2019-4-7
LEGNICA,2019,4,8,10.7,0.0,2019-4-8
LEGNICA,2019,4,9,6.5,0.0,2019-4-9
LEGNICA,2019,4,10,5.1,0.0,2019-4-10
LEGNICA,2019,4,11,4.0,0.0,2019-4-11
LEGNICA,2019,4,12,3.9,0.0,2019-4-12
LEGNICA,2019,4,13,3.9,7.4,2019-4-13
LEGNICA,2019,4,14,7.3,0.0,2019-4-14
LEGNICA,2019,4,15,6.3,0.0,2019-4-15
LEGNICA,2019,4,16,6.7,0.0,2019-4-16
LEGNICA,2019,4,17,8.6,0.0,2019-4-17
LEGNICA,2019,4,18,10.6,0.0,2019-4-18
LEGNICA,2019,4,19,11.7,0.0,2019-4-19
LEGNICA,2019,4,20,11.9,0.0,2019-4-20
LEGNICA,2019,4,21,10.7,0.0,2019-4-21
LEGNICA,2019,4,22,9.6,0.0,2019-4-22
LEGNICA,2019,4,23,12.2,0.0,2019-4-23
LEGNICA,2019,4,24,14.7,0.0,2019-4-24
LEGNICA,2019,4,25,18.0,0.0,2019-4-25
LEGNICA,2019,4,26,18.5,0.0,2019-4-26
LEGNICA,2019,4,27,11.5,0.0,2019-4-27
LEGNICA,2019,4,28,11.0,5.2,2019-4-28
LEGNICA,2019,4,29,9.8,0.9,2019-4-29
LEGNICA,2019,4,30,12.1,0.0,2019-4-30
LEGNICA,2019,5,1,12.0,0.0,2019-5-1
LEGNICA,2019,5,2,13.1,0.0,2019-5-2
LEGNICA,2019,5,3,8.4,0.0,2019-5-3
LEGNICA,2019,5,4,5.4,2.1,2019-5-4
LEGNICA,2019,5,5,5.9,0.0,2019-5-5
LEGNICA,2019,5,6,6.9,0.0,2019-5-6
LEGNICA,2019,5,7,7.6,0.3,2019-5-7
LEGNICA,2019,5,8,11.4,2.5,2019-5-8
LEGNICA,2019,5,9,12.0,2.3,2019-5-9
LEGNICA,2019,5,10,11.1,0.1,2019-5-10
LEGNICA,2019,5,11,11.4,10.7,2019-5-11
LEGNICA,2019,5,12,8.5,5.5,2019-5-12
LEGNICA,2019,5,13,9.4,0.1,2019-5-13
LEGNICA,2019,5,14,6.1,4.4,2019-5-14
LEGNICA,2019,5,15,6.4,6.0,2019-5-15
LEGNICA,2019,5,16,10.5,0.0,2019-5-16
LEGNICA,2019,5,17,12.6,0.0,2019-5-17
LEGNICA,2019,5,18,15.4,0.0,2019-5-18
LEGNICA,2019,5,19,16.7,0.0,2019-5-19
LEGNICA,2019,5,20,15.0,1.2,2019-5-20
LEGNICA,2019,5,21,16.3,5.0,2019-5-21
LEGNICA,2019,5,22,13.5,24.2,2019-5-22
LEGNICA,2019,5,23,12.0,1.7,2019-5-23
LEGNICA,2019,5,24,13.7,0.0,2019-5-24
LEGNICA,2019,5,25,15.4,0.0,2019-5-25
LEGNICA,2019,5,26,15.5,0.0,2019-5-26
LEGNICA,2019,5,27,19.1,9.0,2019-5-27
LEGNICA,2019,5,28,14.2,12.5,2019-5-28
LEGNICA,2019,5,29,12.5,0.0,2019-5-29
LEGNICA,2019,5,30,12.5,0.0,2019-5-30
LEGNICA,2019,5,31,16.3,0.0,2019-5-31
LEGNICA,2019,6,1,19.4,0.0,2019-6-1
LEGNICA,2019,6,2,20.9,0.0,2019-6-2
LEGNICA,2019,6,3,21.6,0.0,2019-6-3
LEGNICA,2019,6,4,21.7,0.0,2019-6-4
LEGNICA,2019,6,5,21.3,0.0,2019-6-5
LEGNICA,2019,6,6,21.6,0.1,2019-6-6
LEGNICA,2019,6,7,17.8,0.0,2019-6-7
LEGNICA,2019,6,8,17.6,0.0,2019-6-8
LEGNICA,2019,6,9,17.7,0.0,2019-6-9
LEGNICA,2019,6,10,22.1,0.0,2019-6-10
LEGNICA,2019,6,11,26.3,0.0,2019-6-11
LEGNICA,2019,6,12,25.6,0.0,2019-6-12
LEGNICA,2019,6,13,19.7,0.0,2019-6-13
LEGNICA,2019,6,14,22.1,0.0,2019-6-14
LEGNICA,2019,6,15,22.6,9.6,2019-6-15
LEGNICA,2019,6,16,20.5,0.0,2019-6-16
LEGNICA,2019,6,17,19.4,0.0,2019-6-17
LEGNICA,2019,6,18,20.1,0.0,2019-6-18
LEGNICA,2019,6,19,22.8,0.0,2019-6-19
LEGNICA,2019,6,20,23.2,2.1,2019-6-20
LEGNICA,2019,6,21,20.8,0.2,2019-6-21
LEGNICA,2019,6,22,20.9,0.0,2019-6-22
LEGNICA,2019,6,23,20.1,0.0,2019-6-23
LEGNICA,2019,6,24,20.9,0.0,2019-6-24
LEGNICA,2019,6,25,24.2,0.0,2019-6-25
LEGNICA,2019,6,26,28.9,0.0,2019-6-26
LEGNICA,2019,6,27,24.1,0.0,2019-6-27
LEGNICA,2019,6,28,19.1,0.0,2019-6-28
LEGNICA,2019,6,29,21.5,0.0,2019-6-29
LEGNICA,2019,6,30,26.0,0.0,2019-6-30
LEGNICA,2019,7,1,25.5,0.0,2019-7-1
LEGNICA,2019,7,2,21.2,0.0,2019-7-2
LEGNICA,2019,7,3,16.0,0.0,2019-7-3
LEGNICA,2019,7,4,16.5,0.0,2019-7-4
LEGNICA,2019,7,5,18.2,0.0,2019-7-5
LEGNICA,2019,7,6,21.9,1.6,2019-7-6
LEGNICA,2019,7,7,17.0,0.0,2019-7-7
LEGNICA,2019,7,8,14.9,0.0,2019-7-8
LEGNICA,2019,7,9,16.0,0.0,2019-7-9
LEGNICA,2019,7,10,15.7,0.5,2019-7-10
LEGNICA,2019,7,11,18.5,0.0,2019-7-11
LEGNICA,2019,7,12,16.8,0.7,2019-7-12
LEGNICA,2019,7,13,16.1,12.4,2019-7-13
LEGNICA,2019,7,14,16.2,1.3,2019-7-14
LEGNICA,2019,7,15,17.5,0.0,2019-7-15
LEGNICA,2019,7,16,16.9,0.0,2019-7-16
LEGNICA,2019,7,17,18.0,0.0,2019-7-17
LEGNICA,2019,7,18,18.9,0.0,2019-7-18
LEGNICA,2019,7,19,20.3,0.0,2019-7-19
LEGNICA,2019,7,20,23.5,13.4,2019-7-20
LEGNICA,2019,7,21,21.6,0.3,2019-7-21
LEGNICA,2019,7,22,22.2,0.0,2019-7-22
LEGNICA,2019,7,23,23.7,0.0,2019-7-23
LEGNICA,2019,7,24,23.5,0.0,2019-7-24
LEGNICA,2019,7,25,24.8,0.0,2019-7-25
LEGNICA,2019,7,26,23.6,0.0,2019-7-26
LEGNICA,2019,7,27,22.4,0.0,2019-7-27
LEGNICA,2019,7,28,23.2,8.1,2019-7-28
LEGNICA,2019,7,29,25.9,0.0,2019-7-29
LEGNICA,2019,7,30,24.8,1.0,2019-7-30
LEGNICA,2019,7,31,21.2,0.1,2019-7-31
LEGNICA,2019,8,1,20.7,3.5,2019-8-1
LEGNICA,2019,8,2,19.4,0.0,2019-8-2
LEGNICA,2019,8,3,18.8,0.0,2019-8-3
LEGNICA,2019,8,4,19.4,0.2,2019-8-4
LEGNICA,2019,8,5,18.9,2.9,2019-8-5
LEGNICA,2019,8,6,21.8,0.0,2019-8-6
LEGNICA,2019,8,7,21.4,4.0,2019-8-7
LEGNICA,2019,8,8,21.3,0.0,2019-8-8
LEGNICA,2019,8,9,23.0,0.2,2019-8-9
LEGNICA,2019,8,10,22.7,0.1,2019-8-10
LEGNICA,2019,8,11,22.6,2.2,2019-8-11
LEGNICA,2019,8,12,18.1,3.4,2019-8-12
LEGNICA,2019,8,13,18.9,0.0,2019-8-13
LEGNICA,2019,8,14,17.8,0.0,2019-8-14
LEGNICA,2019,8,15,18.2,0.0,2019-8-15
LEGNICA,2019,8,16,19.1,0.0,2019-8-16
LEGNICA,2019,8,17,19.4,0.0,2019-8-17
LEGNICA,2019,8,18,24.0,0.9,2019-8-18
LEGNICA,2019,8,19,18.6,5.4,2019-8-19
LEGNICA,2019,8,20,17.7,32.8,2019-8-20
LEGNICA,2019,8,21,17.2,0.0,2019-8-21
LEGNICA,2019,8,22,16.8,0.0,2019-8-22
LEGNICA,2019,8,23,18.2,0.0,2019-8-23
LEGNICA,2019,8,24,21.8,0.0,2019-8-24
LEGNICA,2019,8,25,22.2,0.0,2019-8-25
LEGNICA,2019,8,26,23.5,0.2,2019-8-26
LEGNICA,2019,8,27,23.7,0.0,2019-8-27
LEGNICA,2019,8,28,24.8,0.0,2019-8-28
LEGNICA,2019,8,29,22.4,0.5,2019-8-29
LEGNICA,2019,8,30,23.6,0.0,2019-8-30
LEGNICA,2019,8,31,23.8,0.0,2019-8-31
LEGNICA,2019,9,1,25.7,0.2,2019-9-1
LEGNICA,2019,9,2,16.6,3.5,2019-9-2
LEGNICA,2019,9,3,16.6,0.0,2019-9-3
LEGNICA,2019,9,4,19.1,0.0,2019-9-4
LEGNICA,2019,9,5,18.2,0.0,2019-9-5
LEGNICA,2019,9,6,15.0,2.7,2019-9-6
LEGNICA,2019,9,7,13.0,5.8,2019-9-7
LEGNICA,2019,9,8,13.9,10.6,2019-9-8
LEGNICA,2019,9,9,15.2,30.5,2019-9-9
LEGNICA,2019,9,10,15.0,0.0,2019-9-10
LEGNICA,2019,9,11,16.0,0.0,2019-9-11
LEGNICA,2019,9,12,16.5,0.0,2019-9-12
LEGNICA,2019,9,13,17.5,0.0,2019-9-13
LEGNICA,2019,9,14,13.4,0.0,2019-9-14
LEGNICA,2019,9,15,15.8,0.0,2019-9-15
LEGNICA,2019,9,16,15.3,0.5,2019-9-16
LEGNICA,2019,9,17,12.6,1.1,2019-9-17
LEGNICA,2019,9,18,10.8,0.1,2019-9-18
LEGNICA,2019,9,19,9.9,0.0,2019-9-19
LEGNICA,2019,9,20,10.4,0.0,2019-9-20
LEGNICA,2019,9,21,12.5,0.0,2019-9-21
LEGNICA,2019,9,22,14.5,0.0,2019-9-22
LEGNICA,2019,9,23,14.5,0.0,2019-9-23
LEGNICA,2019,9,24,14.0,0.0,2019-9-24
LEGNICA,2019,9,25,13.9,8.2,2019-9-25
LEGNICA,2019,9,26,15.1,0.2,2019-9-26
LEGNICA,2019,9,27,15.6,1.9,2019-9-27
LEGNICA,2019,9,28,15.7,0.0,2019-9-28
LEGNICA,2019,9,29,17.1,0.1,2019-9-29
LEGNICA,2019,9,30,16.5,0.2,2019-9-30
LEGNICA,2019,10,1,15.7,0.0,2019-10-1
LEGNICA,2019,10,2,12.9,2.2,2019-10-2
LEGNICA,2019,10,3,8.7,0.7,2019-10-3
LEGNICA,2019,10,4,8.9,2.1,2019-10-4
LEGNICA,2019,10,5,8.5,9.9,2019-10-5
LEGNICA,2019,10,6,5.2,0.0,2019-10-6
LEGNICA,2019,10,7,3.8,0.0,2019-10-7
LEGNICA,2019,10,8,8.0,7.7,2019-10-8
LEGNICA,2019,10,9,13.0,2.4,2019-10-9
LEGNICA,2019,10,10,11.6,0.0,2019-10-10
LEGNICA,2019,10,11,12.4,0.0,2019-10-11
LEGNICA,2019,10,12,16.5,0.0,2019-10-12
LEGNICA,2019,10,13,18.2,0.0,2019-10-13
LEGNICA,2019,10,14,18.1,0.0,2019-10-14
LEGNICA,2019,10,15,18.6,0.0,2019-10-15
LEGNICA,2019,10,16,13.3,0.0,2019-10-16
LEGNICA,2019,10,17,13.4,0.0,2019-10-17
LEGNICA,2019,10,18,13.8,0.0,2019-10-18
LEGNICA,2019,10,19,13.5,0.0,2019-10-19
LEGNICA,2019,10,20,14.9,0.0,2019-10-20
LEGNICA,2019,10,21,14.4,0.0,2019-10-21
LEGNICA,2019,10,22,12.8,0.0,2019-10-22
LEGNICA,2019,10,23,12.7,0.0,2019-10-23
LEGNICA,2019,10,24,12.5,0.0,2019-10-24
LEGNICA,2019,10,25,13.8,0.0,2019-10-25
LEGNICA,2019,10,26,12.9,0.0,2019-10-26
LEGNICA,2019,10,27,12.7,1.4,2019-10-27
LEGNICA,2019,10,28,7.0,0.0,2019-10-28
LEGNICA,2019,10,29,6.2,0.0,2019-10-29
LEGNICA,2019,10,30,1.9,0.0,2019-10-30
LEGNICA,2019,10,31,-1.3,0.1,2019-10-31
LEGNICA,2019,11,1,3.1,1.3,2019-11-1
LEGNICA,2019,11,2,9.2,0.0,2019-11-2
LEGNICA,2019,11,3,11.1,6.4,2019-11-3
LEGNICA,2019,11,4,11.1,1.3,2019-11-4
LEGNICA,2019,11,5,9.0,0.1,2019-11-5
LEGNICA,2019,11,6,9.0,0.0,2019-11-6
LEGNICA,2019,11,7,7.1,0.0,2019-11-7
LEGNICA,2019,11,8,5.9,0.0,2019-11-8
LEGNICA,2019,11,9,7.4,4.2,2019-11-9
LEGNICA,2019,11,10,5.9,0.0,2019-11-10
LEGNICA,2019,11,11,6.0,0.0,2019-11-11
LEGNICA,2019,11,12,6.0,13.2,2019-11-12
LEGNICA,2019,11,13,3.0,10.6,2019-11-13
LEGNICA,2019,11,14,4.1,0.0,2019-11-14
LEGNICA,2019,11,15,7.9,0.0,2019-11-15
LEGNICA,2019,11,16,10.8,0.0,2019-11-16
LEGNICA,2019,11,17,8.9,0.0,2019-11-17
LEGNICA,2019,11,18,10.0,1.0,2019-11-18
LEGNICA,2019,11,19,7.2,0.0,2019-11-19
LEGNICA,2019,11,20,5.7,0.0,2019-11-20
LEGNICA,2019,11,21,8.4,0.6,2019-11-21
LEGNICA,2019,11,22,9.7,0.0,2019-11-22
LEGNICA,2019,11,23,8.0,0.0,2019-11-23
LEGNICA,2019,11,24,6.9,0.0,2019-11-24
LEGNICA,2019,11,25,3.4,0.0,2019-11-25
LEGNICA,2019,11,26,5.8,0.0,2019-11-26
LEGNICA,2019,11,27,7.3,0.0,2019-11-27
LEGNICA,2019,11,28,9.1,0.0,2019-11-28
LEGNICA,2019,11,29,7.4,0.3,2019-11-29
LEGNICA,2019,11,30,2.3,0.0,2019-11-30
LEGNICA,2019,12,1,1.5,0.0,2019-12-1
LEGNICA,2019,12,2,1.7,1.8,2019-12-2
LEGNICA,2019,12,3,1.3,0.0,2019-12-3
LEGNICA,2019,12,4,3.8,0.0,2019-12-4
LEGNICA,2019,12,5,-0.3,0.0,2019-12-5
LEGNICA,2019,12,6,-0.5,0.6,2019-12-6
LEGNICA,2019,12,7,7.7,1.2,2019-12-7
LEGNICA,2019,12,8,8.3,0.0,2019-12-8
LEGNICA,2019,12,9,7.3,0.0,2019-12-9
LEGNICA,2019,12,10,3.3,0.0,2019-12-10
LEGNICA,2019,12,11,-0.4,0.0,2019-12-11
LEGNICA,2019,12,12,-0.2,0.0,2019-12-12
LEGNICA,2019,12,13,1.9,0.0,2019-12-13
LEGNICA,2019,12,14,4.6,1.1,2019-12-14
LEGNICA,2019,12,15,6.2,1.2,2019-12-15
LEGNICA,2019,12,16,5.9,0.0,2019-12-16
LEGNICA,2019,12,17,7.2,0.0,2019-12-17
LEGNICA,2019,12,18,9.7,0.0,2019-12-18
LEGNICA,2019,12,19,4.6,0.0,2019-12-19
LEGNICA,2019,12,20,11.6,0.4,2019-12-20
LEGNICA,2019,12,21,8.1,0.4,2019-12-21
LEGNICA,2019,12,22,4.9,0.1,2019-12-22
LEGNICA,2019,12,23,5.8,0.4,2019-12-23
LEGNICA,2019,12,24,5.6,2.9,2019-12-24
LEGNICA,2019,12,25,5.2,1.4,2019-12-25
LEGNICA,2019,12,26,4.4,3.2,2019-12-26
LEGNICA,2019,12,27,2.9,0.0,2019-12-27
LEGNICA,2019,12,28,1.2,0.0,2019-12-28
LEGNICA,2019,12,29,0.0,0.0,2019-12-29
LEGNICA,2019,12,30,3.8,0.0,2019-12-30
LEGNICA,2019,12,31,6.8,0.0,2019-12-31
LEGNICA,2020,1,2,-1.6,0.0,2020-1-2
LEGNICA,2020,1,3,2.5,0.2,2020-1-3
LEGNICA,2020,1,4,4.6,1.8,2020-1-4
LEGNICA,2020,1,5,1.2,0.0,2020-1-5
LEGNICA,2020,1,6,2.0,0.0,2020-1-6
LEGNICA,2020,1,7,1.3,0.0,2020-1-7
LEGNICA,2020,1,8,4.2,4.0,2020-1-8
LEGNICA,2020,1,9,7.6,0.8,2020-1-9
LEGNICA,2020,1,10,8.8,0.0,2020-1-10
LEGNICA,2020,1,11,4.8,0.0,2020-1-11
LEGNICA,2020,1,12,1.1,0.0,2020-1-12
LEGNICA,2020,1,13,5.4,0.0,2020-1-13
LEGNICA,2020,1,14,4.0,0.0,2020-1-14
LEGNICA,2020,1,15,4.7,0.0,2020-1-15
LEGNICA,2020,1,16,5.3,0.0,2020-1-16
LEGNICA,2020,1,17,2.6,0.0,2020-1-17
LEGNICA,2020,1,18,4.0,0.0,2020-1-18
LEGNICA,2020,1,19,3.1,0.0,2020-1-19
LEGNICA,2020,1,20,2.2,0.0,2020-1-20
LEGNICA,2020,1,21,1.2,0.0,2020-1-21
LEGNICA,2020,1,22,2.0,0.1,2020-1-22
LEGNICA,2020,1,23,2.2,0.0,2020-1-23
LEGNICA,2020,1,24,-2.4,0.0,2020-1-24
LEGNICA,2020,1,25,-2.9,0.0,2020-1-25
LEGNICA,2020,1,26,-2.5,0.0,2020-1-26
LEGNICA,2020,1,27,3.2,0.0,2020-1-27
LEGNICA,2020,1,28,4.8,0.0,2020-1-28
LEGNICA,2020,1,29,4.2,0.0,2020-1-29
LEGNICA,2020,1,30,5.2,0.5,2020-1-30
LEGNICA,2020,1,31,10.1,0.0,2020-1-31
LEGNICA,2020,2,1,11.9,4.2,2020-2-1
LEGNICA,2020,2,2,7.6,2.4,2020-2-2
LEGNICA,2020,2,3,7.4,3.9,2020-2-3
LEGNICA,2020,2,4,4.6,9.2,2020-2-4
LEGNICA,2020,2,5,2.3,0.0,2020-2-5
LEGNICA,2020,2,6,2.8,0.2,2020-2-6
LEGNICA,2020,2,7,4.2,0.8,2020-2-7
LEGNICA,2020,2,8,1.2,0.0,2020-2-8
LEGNICA,2020,2,9,3.7,0.7,2020-2-9
LEGNICA,2020,2,10,7.7,4.0,2020-2-10
LEGNICA,2020,2,11,5.1,1.0,2020-2-11
LEGNICA,2020,2,12,3.7,0.0,2020-2-12
LEGNICA,2020,2,13,4.5,0.7,2020-2-13
LEGNICA,2020,2,14,5.2,3.0,2020-2-14
LEGNICA,2020,2,15,5.0,0.0,2020-2-15
LEGNICA,2020,2,16,9.1,0.1,2020-2-16
LEGNICA,2020,2,17,10.6,0.0,2020-2-17
LEGNICA,2020,2,18,7.4,0.0,2020-2-18
LEGNICA,2020,2,19,5.1,0.6,2020-2-19
LEGNICA,2020,2,20,5.4,0.5,2020-2-20
LEGNICA,2020,2,21,5.2,0.2,2020-2-21
LEGNICA,2020,2,22,8.6,2.1,2020-2-22
LEGNICA,2020,2,23,8.0,12.1,2020-2-23
LEGNICA,2020,2,24,5.4,1.2,2020-2-24
LEGNICA,2020,2,25,9.4,0.5,2020-2-25
LEGNICA,2020,2,26,4.0,4.9,2020-2-26
LEGNICA,2020,2,27,3.2,1.8,2020-2-27
LEGNICA,2020,2,28,2.3,0.7,2020-2-28
LEGNICA,2020,2,29,4.3,0.0,2020-2-29
LEGNICA,2020,3,1,8.6,0.0,2020-3-1
LEGNICA,2020,3,2,5.5,0.0,2020-3-2
LEGNICA,2020,3,3,4.3,5.5,2020-3-3
LEGNICA,2020,3,4,3.9,0.0,2020-3-4
LEGNICA,2020,3,5,4.6,0.2,2020-3-5
LEGNICA,2020,3,6,6.7,1.6,2020-3-6
LEGNICA,2020,3,7,4.8,0.7,2020-3-7
LEGNICA,2020,3,8,5.9,0.0,2020-3-8
LEGNICA,2020,3,9,6.6,1.7,2020-3-9
LEGNICA,2020,3,10,7.0,1.2,2020-3-10
LEGNICA,2020,3,11,9.9,0.2,2020-3-11
LEGNICA,2020,3,12,11.1,1.0,2020-3-12
LEGNICA,2020,3,13,6.5,1.6,2020-3-13
LEGNICA,2020,3,14,3.1,0.0,2020-3-14
LEGNICA,2020,3,15,4.1,0.0,2020-3-15
LEGNICA,2020,3,16,7.7,0.0,2020-3-16
LEGNICA,2020,3,17,8.8,0.0,2020-3-17
LEGNICA,2020,3,18,10.3,0.0,2020-3-18
LEGNICA,2020,3,19,10.6,0.0,2020-3-19
LEGNICA,2020,3,20,6.7,4.0,2020-3-20
LEGNICA,2020,3,21,3.3,0.0,2020-3-21
LEGNICA,2020,3,22,-0.2,0.0,2020-3-22
LEGNICA,2020,3,23,-0.8,0.0,2020-3-23
LEGNICA,2020,3,24,0.0,0.0,2020-3-24
LEGNICA,2020,3,25,1.2,0.0,2020-3-25
LEGNICA,2020,3,26,2.6,0.0,2020-3-26
LEGNICA,2020,3,27,6.3,0.0,2020-3-27
LEGNICA,2020,3,28,7.7,0.0,2020-3-28
LEGNICA,2020,3,29,3.7,1.2,2020-3-29
LEGNICA,2020,3,30,1.1,0.6,2020-3-30
LEGNICA,2020,3,31,0.6,1.6,2020-3-31
LEGNICA,2020,4,1,1.5,0.0,2020-4-1
LEGNICA,2020,4,2,4.3,0.0,2020-4-2
LEGNICA,2020,4,3,6.5,0.0,2020-4-3
LEGNICA,2020,4,4,7.1,0.0,2020-4-4
LEGNICA,2020,4,5,6.7,0.0,2020-4-5
LEGNICA,2020,4,6,11.6,0.0,2020-4-6
LEGNICA,2020,4,7,16.1,0.0,2020-4-7
LEGNICA,2020,4,8,12.2,0.0,2020-4-8
LEGNICA,2020,4,9,12.0,0.0,2020-4-9
LEGNICA,2020,4,10,9.3,0.0,2020-4-10
LEGNICA,2020,4,11,8.1,0.0,2020-4-11
LEGNICA,2020,4,12,12.0,0.0,2020-4-12
LEGNICA,2020,4,13,10.4,3.2,2020-4-13
LEGNICA,2020,4,14,4.1,0.0,2020-4-14
LEGNICA,2020,4,15,7.9,0.0,2020-4-15
LEGNICA,2020,4,16,13.1,0.0,2020-4-16
LEGNICA,2020,4,17,9.6,0.0,2020-4-17
LEGNICA,2020,4,18,9.7,0.0,2020-4-18
LEGNICA,2020,4,19,7.1,0.0,2020-4-19
LEGNICA,2020,4,20,7.2,0.0,2020-4-20
LEGNICA,2020,4,21,9.1,0.0,2020-4-21
LEGNICA,2020,4,22,9.5,0.0,2020-4-22
LEGNICA,2020,4,23,10.6,0.0,2020-4-23
LEGNICA,2020,4,24,13.5,0.0,2020-4-24
LEGNICA,2020,4,25,9.7,0.0,2020-4-25
LEGNICA,2020,4,26,10.5,0.0,2020-4-26
LEGNICA,2020,4,27,12.9,0.0,2020-4-27
LEGNICA,2020,4,28,16.9,0.0,2020-4-28
LEGNICA,2020,4,29,14.3,0.1,2020-4-29
LEGNICA,2020,4,30,14.7,2.6,2020-4-30
LEGNICA,2020,5,1,13.6,0.2,2020-5-1
LEGNICA,2020,5,2,11.3,1.6,2020-5-2
LEGNICA,2020,5,3,10.2,0.4,2020-5-3
LEGNICA,2020,5,4,9.9,14.2,2020-5-4
LEGNICA,2020,5,5,8.5,0.0,2020-5-5
LEGNICA,2020,5,6,9.7,0.0,2020-5-6
LEGNICA,2020,5,7,8.8,0.0,2020-5-7
LEGNICA,2020,5,8,12.5,0.0,2020-5-8
LEGNICA,2020,5,9,14.7,0.2,2020-5-9
LEGNICA,2020,5,10,16.4,0.0,2020-5-10
LEGNICA,2020,5,11,11.1,20.1,2020-5-11
LEGNICA,2020,5,12,6.9,0.0,2020-5-12
LEGNICA,2020,5,13,9.7,1.8,2020-5-13
LEGNICA,2020,5,14,10.5,0.2,2020-5-14
LEGNICA,2020,5,15,10.8,0.0,2020-5-15
LEGNICA,2020,5,16,10.9,0.0,2020-5-16
LEGNICA,2020,5,17,11.7,0.0,2020-5-17
LEGNICA,2020,5,18,14.9,0.0,2020-5-18
LEGNICA,2020,5,19,16.7,0.0,2020-5-19
LEGNICA,2020,5,20,14.2,0.0,2020-5-20
LEGNICA,2020,5,21,11.7,0.0,2020-5-21
LEGNICA,2020,5,22,13.5,3.8,2020-5-22
LEGNICA,2020,5,23,13.2,8.0,2020-5-23
LEGNICA,2020,5,24,12.3,1.4,2020-5-24
LEGNICA,2020,5,25,11.7,6.7,2020-5-25
LEGNICA,2020,5,26,12.3,1.0,2020-5-26
LEGNICA,2020,5,27,13.5,2.5,2020-5-27
LEGNICA,2020,5,28,12.5,0.0,2020-5-28
LEGNICA,2020,5,29,13.2,0.0,2020-5-29
LEGNICA,2020,5,30,12.9,0.8,2020-5-30
LEGNICA,2020,5,31,14.6,0.0,2020-5-31
LEGNICA,2020,6,1,15.4,0.0,2020-6-1
LEGNICA,2020,6,2,13.1,15.8,2020-6-2
LEGNICA,2020,6,3,14.9,0.0,2020-6-3
LEGNICA,2020,6,4,15.6,12.4,2020-6-4
LEGNICA,2020,6,5,14.9,2.7,2020-6-5
LEGNICA,2020,6,6,14.6,0.3,2020-6-6
LEGNICA,2020,6,7,15.5,15.6,2020-6-7
LEGNICA,2020,6,8,14.7,0.0,2020-6-8
LEGNICA,2020,6,9,16.3,0.0,2020-6-9
LEGNICA,2020,6,10,16.2,1.2,2020-6-10
LEGNICA,2020,6,11,19.0,0.0,2020-6-11
LEGNICA,2020,6,12,20.9,0.0,2020-6-12
LEGNICA,2020,6,13,21.8,0.0,2020-6-13
LEGNICA,2020,6,14,20.0,0.0,2020-6-14
LEGNICA,2020,6,15,18.0,0.0,2020-6-15
LEGNICA,2020,6,16,18.1,0.0,2020-6-16
LEGNICA,2020,6,17,19.7,0.1,2020-6-17
LEGNICA,2020,6,18,19.4,3.5,2020-6-18
LEGNICA,2020,6,19,17.5,7.3,2020-6-19
LEGNICA,2020,6,20,15.8,1.3,2020-6-20
LEGNICA,2020,6,21,15.5,1.6,2020-6-21
LEGNICA,2020,6,22,20.5,0.0,2020-6-22
LEGNICA,2020,6,23,17.6,0.0,2020-6-23
LEGNICA,2020,6,24,14.7,20.1,2020-6-24
LEGNICA,2020,6,25,19.3,0.0,2020-6-25
LEGNICA,2020,6,26,17.8,0.9,2020-6-26
LEGNICA,2020,6,27,21.5,15.6,2020-6-27
LEGNICA,2020,6,28,22.6,7.9,2020-6-28
LEGNICA,2020,6,29,18.3,2.4,2020-6-29
LEGNICA,2020,6,30,19.0,0.0,2020-6-30
LEGNICA,2020,7,1,22.1,0.0,2020-7-1
LEGNICA,2020,7,2,21.3,0.0,2020-7-2
LEGNICA,2020,7,3,18.8,0.0,2020-7-3
LEGNICA,2020,7,4,20.5,0.0,2020-7-4
LEGNICA,2020,7,5,23.2,0.0,2020-7-5
LEGNICA,2020,7,6,20.9,0.1,2020-7-6
LEGNICA,2020,7,7,15.6,0.1,2020-7-7
LEGNICA,2020,7,8,14.0,2.9,2020-7-8
LEGNICA,2020,7,9,17.1,0.0,2020-7-9
LEGNICA,2020,7,10,23.1,1.0,2020-7-10
LEGNICA,2020,7,11,15.7,0.0,2020-7-11
LEGNICA,2020,7,12,15.3,0.0,2020-7-12
LEGNICA,2020,7,13,15.5,0.0,2020-7-13
LEGNICA,2020,7,14,18.6,0.0,2020-7-14
LEGNICA,2020,7,15,19.1,3.2,2020-7-15
LEGNICA,2020,7,16,15.4,11.9,2020-7-16
LEGNICA,2020,7,17,16.5,0.0,2020-7-17
LEGNICA,2020,7,18,19.9,1.5,2020-7-18
LEGNICA,2020,7,19,21.2,0.0,2020-7-19
LEGNICA,2020,7,20,20.2,2.3,2020-7-20
LEGNICA,2020,7,21,19.0,0.0,2020-7-21
LEGNICA,2020,7,22,16.9,0.0,2020-7-22
LEGNICA,2020,7,23,16.7,0.0,2020-7-23
LEGNICA,2020,7,24,19.6,0.0,2020-7-24
LEGNICA,2020,7,25,21.0,2.1,2020-7-25
LEGNICA,2020,7,26,21.2,0.4,2020-7-26
LEGNICA,2020,7,27,21.3,0.0,2020-7-27
LEGNICA,2020,7,28,25.3,0.8,2020-7-28
LEGNICA,2020,7,29,21.3,0.0,2020-7-29
LEGNICA,2020,7,30,20.1,0.0,2020-7-30
LEGNICA,2020,7,31,20.2,0.0,2020-7-31
LEGNICA,2020,8,1,19.3,0.0,2020-8-1
LEGNICA,2020,8,2,21.5,13.6,2020-8-2
LEGNICA,2020,8,3,16.6,19.5,2020-8-3
LEGNICA,2020,8,4,15.7,4.8,2020-8-4
LEGNICA,2020,8,5,18.6,0.0,2020-8-5
LEGNICA,2020,8,6,19.9,0.0,2020-8-6
LEGNICA,2020,8,7,23.9,0.0,2020-8-7
LEGNICA,2020,8,8,24.2,0.0,2020-8-8
LEGNICA,2020,8,9,25.1,0.0,2020-8-9
LEGNICA,2020,8,10,24.4,0.0,2020-8-10
LEGNICA,2020,8,11,24.2,0.0,2020-8-11
LEGNICA,2020,8,12,23.0,0.0,2020-8-12
LEGNICA,2020,8,13,23.5,0.0,2020-8-13
LEGNICA,2020,8,14,23.0,0.2,2020-8-14
LEGNICA,2020,8,15,21.5,0.2,2020-8-15
LEGNICA,2020,8,16,20.6,0.0,2020-8-16
LEGNICA,2020,8,17,21.5,0.0,2020-8-17
LEGNICA,2020,8,18,19.5,5.6,2020-8-18
LEGNICA,2020,8,19,19.8,8.7,2020-8-19
LEGNICA,2020,8,20,21.1,0.0,2020-8-20
LEGNICA,2020,8,21,24.7,0.0,2020-8-21
LEGNICA,2020,8,22,22.7,0.2,2020-8-22
LEGNICA,2020,8,23,21.2,0.0,2020-8-23
LEGNICA,2020,8,24,19.1,0.7,2020-8-24
LEGNICA,2020,8,25,18.9,0.0,2020-8-25
LEGNICA,2020,8,26,21.2,0.1,2020-8-26
LEGNICA,2020,8,27,17.5,0.0,2020-8-27
LEGNICA,2020,8,28,18.5,12.3,2020-8-28
LEGNICA,2020,8,29,18.8,2.4,2020-8-29
LEGNICA,2020,8,30,16.9,26.8,2020-8-30
LEGNICA,2020,8,31,16.5,1.0,2020-8-31
LEGNICA,2020,9,1,13.3,8.9,2020-9-1
LEGNICA,2020,9,2,14.5,0.8,2020-9-2
LEGNICA,2020,9,3,16.1,0.0,2020-9-3
LEGNICA,2020,9,4,18.2,0.0,2020-9-4
LEGNICA,2020,9,5,19.1,3.7,2020-9-5
LEGNICA,2020,9,6,15.2,0.0,2020-9-6
LEGNICA,2020,9,7,14.3,0.0,2020-9-7
LEGNICA,2020,9,8,16.4,0.0,2020-9-8
LEGNICA,2020,9,9,18.8,0.4,2020-9-9
LEGNICA,2020,9,10,16.7,0.0,2020-9-10
LEGNICA,2020,9,11,14.8,0.0,2020-9-11
LEGNICA,2020,9,12,18.2,0.0,2020-9-12
LEGNICA,2020,9,13,18.4,0.0,2020-9-13
LEGNICA,2020,9,14,20.1,0.0,2020-9-14
LEGNICA,2020,9,15,22.0,0.0,2020-9-15
LEGNICA,2020,9,16,21.9,0.0,2020-9-16
LEGNICA,2020,9,17,16.0,0.0,2020-9-17
LEGNICA,2020,9,18,11.1,0.0,2020-9-18
LEGNICA,2020,9,19,12.6,0.0,2020-9-19
LEGNICA,2020,9,20,14.3,0.0,2020-9-20
LEGNICA,2020,9,21,15.5,0.0,2020-9-21
LEGNICA,2020,9,22,18.7,0.0,2020-9-22
LEGNICA,2020,9,23,19.8,0.0,2020-9-23
LEGNICA,2020,9,24,17.8,0.0,2020-9-24
LEGNICA,2020,9,25,14.1,25.1,2020-9-25
LEGNICA,2020,9,26,10.7,18.1,2020-9-26
LEGNICA,2020,9,27,9.7,0.0,2020-9-27
LEGNICA,2020,9,28,8.4,10.3,2020-9-28
LEGNICA,2020,9,29,12.7,1.8,2020-9-29
LEGNICA,2020,9,30,13.1,0.1,2020-9-30
LEGNICA,2020,10,1,12.1,14.5,2020-10-1
LEGNICA,2020,10,2,14.2,0.0,2020-10-2
LEGNICA,2020,10,3,18.5,0.0,2020-10-3
LEGNICA,2020,10,4,16.0,9.1,2020-10-4
LEGNICA,2020,10,5,12.5,3.6,2020-10-5
LEGNICA,2020,10,6,13.3,1.0,2020-10-6
LEGNICA,2020,10,7,12.9,0.9,2020-10-7
LEGNICA,2020,10,8,13.3,0.0,2020-10-8
LEGNICA,2020,10,9,14.0,0.0,2020-10-9
LEGNICA,2020,10,10,12.5,3.5,2020-10-10
LEGNICA,2020,10,11,9.1,0.0,2020-10-11
LEGNICA,2020,10,12,8.3,0.6,2020-10-12
LEGNICA,2020,10,13,6.9,43.3,2020-10-13
LEGNICA,2020,10,14,8.4,6.9,2020-10-14
LEGNICA,2020,10,15,9.4,0.0,2020-10-15
LEGNICA,2020,10,16,8.6,0.0,2020-10-16
LEGNICA,2020,10,17,6.9,0.9,2020-10-17
LEGNICA,2020,10,18,8.9,0.2,2020-10-18
LEGNICA,2020,10,19,9.2,0.0,2020-10-19
LEGNICA,2020,10,20,9.9,0.0,2020-10-20
LEGNICA,2020,10,21,12.5,0.0,2020-10-21
LEGNICA,2020,10,22,15.4,0.0,2020-10-22
LEGNICA,2020,10,23,14.2,0.9,2020-10-23
LEGNICA,2020,10,24,13.7,0.0,2020-10-24
LEGNICA,2020,10,25,11.2,0.0,2020-10-25
LEGNICA,2020,10,26,12.3,0.0,2020-10-26
LEGNICA,2020,10,27,10.0,0.2,2020-10-27
LEGNICA,2020,10,28,8.4,0.1,2020-10-28
LEGNICA,2020,10,29,10.1,0.8,2020-10-29
LEGNICA,2020,10,30,9.8,12.0,2020-10-30
LEGNICA,2020,10,31,11.5,2.2,2020-10-31
LEGNICA,2020,11,1,10.4,2.0,2020-11-1
LEGNICA,2020,11,2,15.1,0.6,2020-11-2
LEGNICA,2020,11,3,13.7,4.9,2020-11-3
LEGNICA,2020,11,4,9.7,0.0,2020-11-4
LEGNICA,2020,11,5,6.5,0.0,2020-11-5
LEGNICA,2020,11,6,8.3,0.0,2020-11-6
LEGNICA,2020,11,7,8.3,0.1,2020-11-7
LEGNICA,2020,11,8,5.2,0.1,2020-11-8
LEGNICA,2020,11,9,3.9,0.0,2020-11-9
LEGNICA,2020,11,10,4.7,0.0,2020-11-10
LEGNICA,2020,11,11,4.4,0.0,2020-11-11
LEGNICA,2020,11,12,5.7,0.0,2020-11-12
LEGNICA,2020,11,13,8.1,0.0,2020-11-13
LEGNICA,2020,11,14,9.8,0.0,2020-11-14
LEGNICA,2020,11,15,8.0,0.1,2020-11-15
LEGNICA,2020,11,16,6.6,1.2,2020-11-16
LEGNICA,2020,11,17,10.0,0.2,2020-11-17
LEGNICA,2020,11,18,10.5,0.0,2020-11-18
LEGNICA,2020,11,19,9.4,0.4,2020-11-19
LEGNICA,2020,11,20,3.5,0.0,2020-11-20
LEGNICA,2020,11,21,1.3,0.0,2020-11-21
LEGNICA,2020,11,22,6.3,0.0,2020-11-22
LEGNICA,2020,11,23,7.5,0.0,2020-11-23
LEGNICA,2020,11,24,3.6,0.0,2020-11-24
LEGNICA,2020,11,25,-0.8,0.0,2020-11-25
LEGNICA,2020,11,26,1.2,1.4,2020-11-26
LEGNICA,2020,11,27,4.4,0.0,2020-11-27
LEGNICA,2020,11,28,3.3,0.1,2020-11-28
LEGNICA,2020,11,29,2.2,1.8,2020-11-29
LEGNICA,2020,11,30,1.3,0.0,2020-11-30
LEGNICA,2020,12,1,1.2,0.0,2020-12-1
LEGNICA,2020,12,2,-2.4,0.0,2020-12-2
LEGNICA,2020,12,3,-0.5,0.0,2020-12-3
LEGNICA,2020,12,4,3.5,0.0,2020-12-4
LEGNICA,2020,12,5,9.4,0.0,2020-12-5
LEGNICA,2020,12,6,9.9,0.0,2020-12-6
LEGNICA,2020,12,7,6.2,0.0,2020-12-7
LEGNICA,2020,12,8,4.0,0.0,2020-12-8
LEGNICA,2020,12,9,0.2,0.0,2020-12-9
LEGNICA,2020,12,10,-1.3,0.0,2020-12-10
LEGNICA,2020,12,11,1.1,0.0,2020-12-11
LEGNICA,2020,12,12,0.5,0.0,2020-12-12
LEGNICA,2020,12,13,2.2,0.0,2020-12-13
LEGNICA,2020,12,14,3.9,0.0,2020-12-14
LEGNICA,2020,12,15,1.4,0.0,2020-12-15
LEGNICA,2020,12,16,5.1,0.0,2020-12-16
LEGNICA,2020,12,17,4.5,0.0,2020-12-17
LEGNICA,2020,12,18,3.7,0.0,2020-12-18
LEGNICA,2020,12,19,-2.3,0.0,2020-12-19
LEGNICA,2020,12,20,-1.6,0.0,2020-12-20
LEGNICA,2020,12,21,1.3,0.2,2020-12-21
LEGNICA,2020,12,22,8.2,4.0,2020-12-22
LEGNICA,2020,12,23,8.6,3.4,2020-12-23
LEGNICA,2020,12,24,8.7,1.5,2020-12-24
LEGNICA,2020,12,25,2.7,0.7,2020-12-25
LEGNICA,2020,12,26,1.1,0.0,2020-12-26
LEGNICA,2020,12,27,0.9,0.0,2020-12-27
LEGNICA,2020,12,28,3.2,0.4,2020-12-28
LEGNICA,2020,12,29,5.1,0.0,2020-12-29
LEGNICA,2020,12,30,0.5,0.0,2020-12-30
LEGNICA,2020,12,31,0.0,0.0,2020-12-31
LEGNICA,2021,1,2,0.4,5.0,2021-1-2
LEGNICA,2021,1,3,1.2,7.7,2021-1-3
LEGNICA,2021,1,4,1.8,0.0,2021-1-4
LEGNICA,2021,1,5,1.1,3.8,2021-1-5
LEGNICA,2021,1,6,1.0,1.4,2021-1-6
LEGNICA,2021,1,7,0.7,0.3,2021-1-7
LEGNICA,2021,1,8,0.5,0.1,2021-1-8
LEGNICA,2021,1,9,0.6,0.0,2021-1-9
LEGNICA,2021,1,10,0.7,0.0,2021-1-10
LEGNICA,2021,1,11,-1.5,0.0,2021-1-11
LEGNICA,2021,1,12,1.2,0.3,2021-1-12
LEGNICA,2021,1,13,1.6,0.4,2021-1-13
LEGNICA,2021,1,14,0.1,0.1,2021-1-14
LEGNICA,2021,1,15,-0.4,0.1,2021-1-15
LEGNICA,2021,1,16,-3.5,0.1,2021-1-16
LEGNICA,2021,1,17,-7.4,0.0,2021-1-17
LEGNICA,2021,1,18,-7.9,1.8,2021-1-18
LEGNICA,2021,1,19,2.6,1.3,2021-1-19
LEGNICA,2021,1,20,5.3,0.0,2021-1-20
LEGNICA,2021,1,21,6.3,0.0,2021-1-21
LEGNICA,2021,1,22,8.3,0.1,2021-1-22
LEGNICA,2021,1,23,2.9,0.0,2021-1-23
LEGNICA,2021,1,24,1.0,1.1,2021-1-24
LEGNICA,2021,1,25,1.2,0.1,2021-1-25
LEGNICA,2021,1,26,0.6,0.3,2021-1-26
LEGNICA,2021,1,27,0.9,0.0,2021-1-27
LEGNICA,2021,1,28,1.0,1.5,2021-1-28
LEGNICA,2021,1,29,-1.2,2.9,2021-1-29
LEGNICA,2021,1,30,-1.7,1.2,2021-1-30
LEGNICA,2021,1,31,-7.3,0.0,2021-1-31
LEGNICA,2021,2,1,-10.0,0.0,2021-2-1
LEGNICA,2021,2,2,0.5,0.1,2021-2-2
LEGNICA,2021,2,3,6.7,1.3,2021-2-3
LEGNICA,2021,2,4,3.7,2.2,2021-2-4
LEGNICA,2021,2,5,0.1,0.0,2021-2-5
LEGNICA,2021,2,6,-1.1,0.5,2021-2-6
LEGNICA,2021,2,7,-6.7,3.2,2021-2-7
LEGNICA,2021,2,8,-8.7,2.7,2021-2-8
LEGNICA,2021,2,9,-8.4,1.0,2021-2-9
LEGNICA,2021,2,10,-9.2,0.0,2021-2-10
LEGNICA,2021,2,11,-7.6,0.0,2021-2-11
LEGNICA,2021,2,12,-9.7,0.0,2021-2-12
LEGNICA,2021,2,13,-5.4,0.0,2021-2-13
LEGNICA,2021,2,14,-5.0,0.0,2021-2-14
LEGNICA,2021,2,15,-7.5,0.3,2021-2-15
LEGNICA,2021,2,16,0.3,0.6,2021-2-16
LEGNICA,2021,2,17,3.8,0.8,2021-2-17
LEGNICA,2021,2,18,4.7,0.0,2021-2-18
LEGNICA,2021,2,19,5.6,0.0,2021-2-19
LEGNICA,2021,2,20,4.7,0.0,2021-2-20
LEGNICA,2021,2,21,5.8,0.0,2021-2-21
LEGNICA,2021,2,22,3.2,0.0,2021-2-22
LEGNICA,2021,2,23,6.7,0.0,2021-2-23
LEGNICA,2021,2,24,9.8,0.0,2021-2-24
LEGNICA,2021,2,25,9.8,0.0,2021-2-25
LEGNICA,2021,2,26,6.3,0.6,2021-2-26
LEGNICA,2021,2,27,5.0,0.0,2021-2-27
LEGNICA,2021,2,28,5.2,0.0,2021-2-28
LEGNICA,2021,3,1,2.9,0.0,2021-3-1
LEGNICA,2021,3,2,3.9,0.0,2021-3-2
LEGNICA,2021,3,3,5.8,0.0,2021-3-3
LEGNICA,2021,3,4,7.3,1.0,2021-3-4
LEGNICA,2021,3,5,1.5,0.1,2021-3-5
LEGNICA,2021,3,6,1.6,0.0,2021-3-6
LEGNICA,2021,3,7,2.9,0.7,2021-3-7
LEGNICA,2021,3,8,1.2,0.0,2021-3-8
LEGNICA,2021,3,9,-0.8,0.0,2021-3-9
LEGNICA,2021,3,10,-0.1,0.0,2021-3-10
LEGNICA,2021,3,11,3.8,3.0,2021-3-11
LEGNICA,2021,3,12,6.6,1.2,2021-3-12
LEGNICA,2021,3,13,7.5,0.0,2021-3-13
LEGNICA,2021,3,14,5.7,0.6,2021-3-14
LEGNICA,2021,3,15,4.4,2.5,2021-3-15
LEGNICA,2021,3,16,3.3,1.1,2021-3-16
LEGNICA,2021,3,17,2.3,3.8,2021-3-17
LEGNICA,2021,3,18,1.7,0.2,2021-3-18
LEGNICA,2021,3,19,0.7,0.4,2021-3-19
LEGNICA,2021,3,20,-2.3,0.0,2021-3-20
LEGNICA,2021,3,21,2.6,3.2,2021-3-21
LEGNICA,2021,3,22,2.7,0.0,2021-3-22
LEGNICA,2021,3,23,4.4,1.1,2021-3-23
LEGNICA,2021,3,24,6.4,0.0,2021-3-24
LEGNICA,2021,3,25,7.5,0.4,2021-3-25
LEGNICA,2021,3,26,10.4,0.0,2021-3-26
LEGNICA,2021,3,27,8.8,0.5,2021-3-27
LEGNICA,2021,3,28,6.6,0.0,2021-3-28
LEGNICA,2021,3,29,11.9,0.1,2021-3-29
LEGNICA,2021,3,30,15.6,0.0,2021-3-30
LEGNICA,2021,3,31,14.0,0.0,2021-3-31
LEGNICA,2021,4,1,12.0,0.2,2021-4-1
LEGNICA,2021,4,2,7.2,0.7,2021-4-2
LEGNICA,2021,4,3,4.5,1.3,2021-4-3
LEGNICA,2021,4,4,4.3,0.0,2021-4-4
LEGNICA,2021,4,5,4.2,3.7,2021-4-5
LEGNICA,2021,4,6,1.7,0.0,2021-4-6
LEGNICA,2021,4,7,2.7,0.2,2021-4-7
LEGNICA,2021,4,8,3.4,0.0,2021-4-8
LEGNICA,2021,4,9,6.3,0.0,2021-4-9
LEGNICA,2021,4,10,7.2,0.0,2021-4-10
LEGNICA,2021,4,11,11.4,0.0,2021-4-11
LEGNICA,2021,4,12,5.4,4.8,2021-4-12
LEGNICA,2021,4,13,5.0,0.0,2021-4-13
LEGNICA,2021,4,14,4.2,0.0,2021-4-14
LEGNICA,2021,4,15,1.9,10.1,2021-4-15
LEGNICA,2021,4,16,3.2,1.6,2021-4-16
LEGNICA,2021,4,17,5.0,0.4,2021-4-17
LEGNICA,2021,4,18,7.5,0.3,2021-4-18
LEGNICA,2021,4,19,8.6,7.4,2021-4-19
LEGNICA,2021,4,20,10.2,2.6,2021-4-20
LEGNICA,2021,4,21,11.5,0.1,2021-4-21
LEGNICA,2021,4,22,7.7,0.7,2021-4-22
LEGNICA,2021,4,23,7.0,0.0,2021-4-23
LEGNICA,2021,4,24,8.4,0.0,2021-4-24
LEGNICA,2021,4,25,6.8,0.0,2021-4-25
LEGNICA,2021,4,26,4.1,0.0,2021-4-26
LEGNICA,2021,4,27,4.9,0.0,2021-4-27
LEGNICA,2021,4,28,8.9,0.0,2021-4-28
LEGNICA,2021,4,29,12.9,0.0,2021-4-29
LEGNICA,2021,4,30,10.5,9.1,2021-4-30
LEGNICA,2021,5,1,8.7,20.8,2021-5-1
LEGNICA,2021,5,2,7.4,13.9,2021-5-2
LEGNICA,2021,5,3,7.0,0.0,2021-5-3
LEGNICA,2021,5,4,10.4,0.0,2021-5-4
LEGNICA,2021,5,5,10.7,0.0,2021-5-5
LEGNICA,2021,5,6,8.6,5.2,2021-5-6
LEGNICA,2021,5,7,7.0,0.2,2021-5-7
LEGNICA,2021,5,8,8.9,0.0,2021-5-8
LEGNICA,2021,5,9,16.2,0.0,2021-5-9
LEGNICA,2021,5,10,19.9,0.0,2021-5-10
LEGNICA,2021,5,11,21.0,0.0,2021-5-11
LEGNICA,2021,5,12,16.4,18.2,2021-5-12
LEGNICA,2021,5,13,12.9,0.5,2021-5-13
LEGNICA,2021,5,14,11.8,0.0,2021-5-14
LEGNICA,2021,5,15,12.6,4.9,2021-5-15
LEGNICA,2021,5,16,13.1,0.0,2021-5-16
LEGNICA,2021,5,17,13.0,0.8,2021-5-17
LEGNICA,2021,5,18,13.1,0.5,2021-5-18
LEGNICA,2021,5,19,11.8,3.2,2021-5-19
LEGNICA,2021,5,20,11.2,0.3,2021-5-20
LEGNICA,2021,5,21,13.6,0.0,2021-5-21
LEGNICA,2021,5,22,13.2,0.2,2021-5-22
LEGNICA,2021,5,23,12.0,0.0,2021-5-23
LEGNICA,2021,5,24,13.3,1.0,2021-5-24
LEGNICA,2021,5,25,11.9,0.8,2021-5-25
LEGNICA,2021,5,26,12.4,0.1,2021-5-26
LEGNICA,2021,5,27,11.8,2.2,2021-5-27
LEGNICA,2021,5,28,11.8,0.4,2021-5-28
LEGNICA,2021,5,29,11.4,0.4,2021-5-29
LEGNICA,2021,5,30,11.2,0.2,2021-5-30
LEGNICA,2021,5,31,12.8,0.0,2021-5-31
LEGNICA,2021,6,1,14.2,0.0,2021-6-1
LEGNICA,2021,6,2,17.0,0.0,2021-6-2
LEGNICA,2021,6,3,16.1,0.0,2021-6-3
LEGNICA,2021,6,4,17.7,0.6,2021-6-4
LEGNICA,2021,6,5,20.0,0.0,2021-6-5
LEGNICA,2021,6,6,18.5,0.0,2021-6-6
LEGNICA,2021,6,7,19.1,0.0,2021-6-7
LEGNICA,2021,6,8,19.6,0.0,2021-6-8
LEGNICA,2021,6,9,18.9,0.0,2021-6-9
LEGNICA,2021,6,10,17.5,0.1,2021-6-10
LEGNICA,2021,6,11,19.8,0.0,2021-6-11
LEGNICA,2021,6,12,18.2,5.5,2021-6-12
LEGNICA,2021,6,13,13.6,0.0,2021-6-13
LEGNICA,2021,6,14,16.0,0.0,2021-6-14
LEGNICA,2021,6,15,19.6,0.0,2021-6-15
LEGNICA,2021,6,16,21.3,0.0,2021-6-16
LEGNICA,2021,6,17,22.9,0.0,2021-6-17
LEGNICA,2021,6,18,24.0,0.0,2021-6-18
LEGNICA,2021,6,19,25.1,0.0,2021-6-19
LEGNICA,2021,6,20,25.9,0.0,2021-6-20
LEGNICA,2021,6,21,23.4,0.0,2021-6-21
LEGNICA,2021,6,22,19.2,9.7,2021-6-22
LEGNICA,2021,6,23,18.9,6.4,2021-6-23
LEGNICA,2021,6,24,19.4,0.0,2021-6-24
LEGNICA,2021,6,25,17.3,1.2,2021-6-25
LEGNICA,2021,6,26,18.0,3.4,2021-6-26
LEGNICA,2021,6,27,19.9,0.0,2021-6-27
LEGNICA,2021,6,28,21.1,0.0,2021-6-28
LEGNICA,2021,6,29,22.3,2.6,2021-6-29
LEGNICA,2021,6,30,20.0,0.0,2021-6-30
LEGNICA,2021,7,1,19.3,0.0,2021-7-1
LEGNICA,2021,7,2,16.7,0.0,2021-7-2
LEGNICA,2021,7,3,19.4,0.0,2021-7-3
LEGNICA,2021,7,4,19.2,0.0,2021-7-4
LEGNICA,2021,7,5,19.4,0.0,2021-7-5
LEGNICA,2021,7,6,22.7,0.0,2021-7-6
LEGNICA,2021,7,7,18.6,0.8,2021-7-7
LEGNICA,2021,7,8,18.7,20.4,2021-7-8
LEGNICA,2021,7,9,19.6,0.1,2021-7-9
LEGNICA,2021,7,10,20.1,0.0,2021-7-10
LEGNICA,2021,7,11,20.4,15.0,2021-7-11
LEGNICA,2021,7,12,20.6,0.1,2021-7-12
LEGNICA,2021,7,13,22.9,0.0,2021-7-13
LEGNICA,2021,7,14,22.3,5.7,2021-7-14
LEGNICA,2021,7,15,21.1,4.5,2021-7-15
LEGNICA,2021,7,16,23.4,0.2,2021-7-16
LEGNICA,2021,7,17,22.2,0.0,2021-7-17
LEGNICA,2021,7,18,23.0,0.0,2021-7-18
LEGNICA,2021,7,19,17.7,0.0,2021-7-19
LEGNICA,2021,7,20,17.1,0.0,2021-7-20
LEGNICA,2021,7,21,17.4,0.0,2021-7-21
LEGNICA,2021,7,22,18.8,0.0,2021-7-22
LEGNICA,2021,7,23,19.4,0.0,2021-7-23
LEGNICA,2021,7,24,21.0,7.4,2021-7-24
LEGNICA,2021,7,25,20.3,1.7,2021-7-25
LEGNICA,2021,7,26,21.6,0.8,2021-7-26
LEGNICA,2021,7,27,22.9,0.0,2021-7-27
LEGNICA,2021,7,28,21.9,0.0,2021-7-28
LEGNICA,2021,7,29,20.7,0.0,2021-7-29
LEGNICA,2021,7,30,21.4,0.0,2021-7-30
LEGNICA,2021,7,31,21.9,0.0,2021-7-31
LEGNICA,2021,8,1,15.8,2.1,2021-8-1
LEGNICA,2021,8,2,16.8,0.3,2021-8-2
LEGNICA,2021,8,3,16.4,7.5,2021-8-3
LEGNICA,2021,8,4,17.5,0.0,2021-8-4
LEGNICA,2021,8,5,16.1,6.4,2021-8-5
LEGNICA,2021,8,6,17.4,0.0,2021-8-6
LEGNICA,2021,8,7,20.4,3.9,2021-8-7
LEGNICA,2021,8,8,19.8,0.0,2021-8-8
LEGNICA,2021,8,9,19.1,0.0,2021-8-9
LEGNICA,2021,8,10,18.8,3.4,2021-8-10
LEGNICA,2021,8,11,18.9,0.0,2021-8-11
LEGNICA,2021,8,12,18.8,0.0,2021-8-12
LEGNICA,2021,8,13,21.6,0.0,2021-8-13
LEGNICA,2021,8,14,22.8,0.0,2021-8-14
LEGNICA,2021,8,15,21.9,0.0,2021-8-15
LEGNICA,2021,8,16,21.0,0.4,2021-8-16
LEGNICA,2021,8,17,15.9,0.0,2021-8-17
LEGNICA,2021,8,18,16.9,0.0,2021-8-18
LEGNICA,2021,8,19,18.5,0.0,2021-8-19
LEGNICA,2021,8,20,18.7,2.8,2021-8-20
LEGNICA,2021,8,21,18.0,0.0,2021-8-21
LEGNICA,2021,8,22,18.3,4.4,2021-8-22
LEGNICA,2021,8,23,17.6,13.0,2021-8-23
LEGNICA,2021,8,24,15.8,0.5,2021-8-24
LEGNICA,2021,8,25,16.0,1.9,2021-8-25
LEGNICA,2021,8,26,14.7,3.7,2021-8-26
LEGNICA,2021,8,27,13.5,7.2,2021-8-27
LEGNICA,2021,8,28,14.6,0.0,2021-8-28
LEGNICA,2021,8,29,15.5,1.3,2021-8-29
LEGNICA,2021,8,30,15.3,10.4,2021-8-30
LEGNICA,2021,8,31,15.2,2.4,2021-8-31
LEGNICA,2021,9,1,16.0,0.0,2021-9-1
LEGNICA,2021,9,2,16.7,0.0,2021-9-2
LEGNICA,2021,9,3,17.2,0.0,2021-9-3
LEGNICA,2021,9,4,15.2,0.0,2021-9-4
LEGNICA,2021,9,5,15.1,0.0,2021-9-5
LEGNICA,2021,9,6,15.0,0.0,2021-9-6
LEGNICA,2021,9,7,16.2,0.0,2021-9-7
LEGNICA,2021,9,8,17.7,0.0,2021-9-8
LEGNICA,2021,9,9,20.1,0.0,2021-9-9
LEGNICA,2021,9,10,22.1,0.0,2021-9-10
LEGNICA,2021,9,11,19.8,0.0,2021-9-11
LEGNICA,2021,9,12,19.0,0.0,2021-9-12
LEGNICA,2021,9,13,18.0,0.0,2021-9-13
LEGNICA,2021,9,14,16.8,0.0,2021-9-14
LEGNICA,2021,9,15,18.7,0.0,2021-9-15
LEGNICA,2021,9,16,18.7,0.8,2021-9-16
LEGNICA,2021,9,17,15.0,0.0,2021-9-17
LEGNICA,2021,9,18,12.9,4.1,2021-9-18
LEGNICA,2021,9,19,11.4,0.0,2021-9-19
LEGNICA,2021,9,20,10.8,0.0,2021-9-20
LEGNICA,2021,9,21,11.6,7.9,2021-9-21
LEGNICA,2021,9,22,11.8,0.5,2021-9-22
LEGNICA,2021,9,23,16.2,0.0,2021-9-23
LEGNICA,2021,9,24,15.1,0.0,2021-9-24
LEGNICA,2021,9,25,18.3,0.0,2021-9-25
LEGNICA,2021,9,26,18.6,0.0,2021-9-26
LEGNICA,2021,9,27,15.4,4.2,2021-9-27
LEGNICA,2021,9,28,16.1,26.9,2021-9-28
LEGNICA,2021,9,29,12.8,0.7,2021-9-29
LEGNICA,2021,9,30,12.1,0.0,2021-9-30
LEGNICA,2021,10,1,11.1,0.0,2021-10-1
LEGNICA,2021,10,2,13.8,0.0,2021-10-2
LEGNICA,2021,10,3,16.8,0.0,2021-10-3
LEGNICA,2021,10,4,14.9,0.0,2021-10-4
LEGNICA,2021,10,5,17.1,6.2,2021-10-5
LEGNICA,2021,10,6,13.5,0.9,2021-10-6
LEGNICA,2021,10,7,12.6,0.3,2021-10-7
LEGNICA,2021,10,8,8.8,0.0,2021-10-8
LEGNICA,2021,10,9,6.5,0.0,2021-10-9
LEGNICA,2021,10,10,5.1,0.0,2021-10-10
LEGNICA,2021,10,11,6.0,0.0,2021-10-11
LEGNICA,2021,10,12,8.3,3.2,2021-10-12
LEGNICA,2021,10,13,6.5,0.4,2021-10-13
LEGNICA,2021,10,14,8.6,0.5,2021-10-14
LEGNICA,2021,10,15,11.8,0.7,2021-10-15
LEGNICA,2021,10,16,8.2,0.0,2021-10-16
LEGNICA,2021,10,17,9.2,1.1,2021-10-17
LEGNICA,2021,10,18,9.8,0.0,2021-10-18
LEGNICA,2021,10,19,10.7,0.0,2021-10-19
LEGNICA,2021,10,20,16.6,0.1,2021-10-20
LEGNICA,2021,10,21,14.2,0.4,2021-10-21
LEGNICA,2021,10,22,8.6,0.0,2021-10-22
LEGNICA,2021,10,23,6.9,0.0,2021-10-23
LEGNICA,2021,10,24,6.4,0.0,2021-10-24
LEGNICA,2021,10,25,8.2,0.0,2021-10-25
LEGNICA,2021,10,26,7.7,0.0,2021-10-26
LEGNICA,2021,10,27,9.4,0.0,2021-10-27
LEGNICA,2021,10,28,8.9,0.0,2021-10-28
LEGNICA,2021,10,29,12.4,0.0,2021-10-29
LEGNICA,2021,10,30,13.8,0.0,2021-10-30
LEGNICA,2021,10,31,14.0,0.0,2021-10-31
LEGNICA,2021,11,1,12.2,9.8,2021-11-1
LEGNICA,2021,11,2,8.6,1.1,2021-11-2
LEGNICA,2021,11,3,8.4,1.7,2021-11-3
LEGNICA,2021,11,4,9.9,2.9,2021-11-4
LEGNICA,2021,11,5,8.2,1.2,2021-11-5
LEGNICA,2021,11,6,7.7,0.0,2021-11-6
LEGNICA,2021,11,7,6.7,0.0,2021-11-7
LEGNICA,2021,11,8,7.8,0.1,2021-11-8
LEGNICA,2021,11,9,7.5,0.0,2021-11-9
LEGNICA,2021,11,10,6.5,0.0,2021-11-10
LEGNICA,2021,11,11,2.8,0.0,2021-11-11
LEGNICA,2021,11,12,3.2,0.0,2021-11-12
LEGNICA,2021,11,13,3.5,0.0,2021-11-13
LEGNICA,2021,11,14,5.1,0.0,2021-11-14
LEGNICA,2021,11,15,4.8,0.0,2021-11-15
LEGNICA,2021,11,16,5.3,0.0,2021-11-16
LEGNICA,2021,11,17,4.8,0.2,2021-11-17
LEGNICA,2021,11,18,7.9,0.7,2021-11-18
LEGNICA,2021,11,19,9.9,0.0,2021-11-19
LEGNICA,2021,11,20,10.4,0.0,2021-11-20
LEGNICA,2021,11,21,6.5,1.1,2021-11-21
LEGNICA,2021,11,22,5.3,0.5,2021-11-22
LEGNICA,2021,11,23,3.1,0.1,2021-11-23
LEGNICA,2021,11,24,5.6,0.1,2021-11-24
LEGNICA,2021,11,25,2.4,0.0,2021-11-25
LEGNICA,2021,11,26,2.9,0.0,2021-11-26
LEGNICA,2021,11,27,2.1,0.0,2021-11-27
LEGNICA,2021,11,28,0.8,3.0,2021-11-28
LEGNICA,2021,11,29,1.0,0.5,2021-11-29
LEGNICA,2021,11,30,2.8,0.3,2021-11-30
LEGNICA,2021,12,1,5.1,1.3,2021-12-1
LEGNICA,2021,12,2,4.5,0.0,2021-12-2
LEGNICA,2021,12,3,0.6,0.0,2021-12-3
LEGNICA,2021,12,4,1.0,0.3,2021-12-4
LEGNICA,2021,12,5,1.6,2.8,2021-12-5
LEGNICA,2021,12,6,-0.2,1.1,2021-12-6
LEGNICA,2021,12,7,-0.8,0.0,2021-12-7
LEGNICA,2021,12,8,-1.0,0.0,2021-12-8
LEGNICA,2021,12,9,-1.2,3.2,2021-12-9
LEGNICA,2021,12,10,-0.5,0.7,2021-12-10
LEGNICA,2021,12,11,-1.1,0.0,2021-12-11
LEGNICA,2021,12,12,-1.5,0.3,2021-12-12
LEGNICA,2021,12,13,3.0,0.3,2021-12-13
LEGNICA,2021,12,14,6.0,0.0,2021-12-14
LEGNICA,2021,12,15,7.2,0.1,2021-12-15
LEGNICA,2021,12,16,7.1,0.2,2021-12-16
LEGNICA,2021,12,17,4.9,0.0,2021-12-17
LEGNICA,2021,12,18,4.4,0.0,2021-12-18
LEGNICA,2021,12,19,5.9,1.0,2021-12-19
LEGNICA,2021,12,20,0.8,0.0,2021-12-20
LEGNICA,2021,12,21,-1.0,0.1,2021-12-21
LEGNICA,2021,12,22,-1.9,0.0,2021-12-22
LEGNICA,2021,12,23,-3.2,3.4,2021-12-23
LEGNICA,2021,12,24,4.7,2.5,2021-12-24
LEGNICA,2021,12,25,-4.5,0.0,2021-12-25
LEGNICA,2021,12,26,-7.6,0.0,2021-12-26
LEGNICA,2021,12,27,-6.0,0.0,2021-12-27
LEGNICA,2021,12,28,-1.4,3.1,2021-12-28
LEGNICA,2021,12,29,3.6,0.3,2021-12-29
LEGNICA,2021,12,30,8.1,1.1,2021-12-30
LEGNICA,2021,12,31,13.0,0.5,2021-12-31
LEGNICA,2022,1,2,9.5,0.3,2022-1-2
LEGNICA,2022,1,3,9.1,0.0,2022-1-3
LEGNICA,2022,1,4,6.9,2.6,2022-1-4
LEGNICA,2022,1,5,4.5,2.1,2022-1-5
LEGNICA,2022,1,6,1.3,0.0,2022-1-6
LEGNICA,2022,1,7,-0.3,0.0,2022-1-7
LEGNICA,2022,1,8,1.0,0.2,2022-1-8
LEGNICA,2022,1,9,1.0,0.0,2022-1-9
LEGNICA,2022,1,10,0.7,0.0,2022-1-10
LEGNICA,2022,1,11,-3.3,0.0,2022-1-11
LEGNICA,2022,1,12,-2.2,0.0,2022-1-12
LEGNICA,2022,1,13,3.6,0.0,2022-1-13
LEGNICA,2022,1,14,3.4,2.4,2022-1-14
LEGNICA,2022,1,15,1.4,0.0,2022-1-15
LEGNICA,2022,1,16,0.0,0.0,2022-1-16
LEGNICA,2022,1,17,3.1,1.9,2022-1-17
LEGNICA,2022,1,18,1.0,0.0,2022-1-18
LEGNICA,2022,1,19,2.6,0.0,2022-1-19
LEGNICA,2022,1,20,1.1,0.9,2022-1-20
LEGNICA,2022,1,21,-0.6,1.1,2022-1-21
LEGNICA,2022,1,22,0.1,0.0,2022-1-22
LEGNICA,2022,1,23,1.5,0.0,2022-1-23
LEGNICA,2022,1,24,2.5,1.1,2022-1-24
LEGNICA,2022,1,25,3.3,0.6,2022-1-25
LEGNICA,2022,1,26,2.3,0.0,2022-1-26
LEGNICA,2022,1,27,2.9,0.1,2022-1-27
LEGNICA,2022,1,28,3.8,0.0,2022-1-28
LEGNICA,2022,1,29,4.4,3.9,2022-1-29
LEGNICA,2022,1,30,5.4,0.3,2022-1-30
LEGNICA,2022,1,31,2.8,0.0,2022-1-31
LEGNICA,2022,2,1,1.9,1.9,2022-2-1
LEGNICA,2022,2,2,4.0,1.6,2022-2-2
LEGNICA,2022,2,3,3.9,2.3,2022-2-3
LEGNICA,2022,2,4,6.3,0.0,2022-2-4
LEGNICA,2022,2,5,4.7,0.0,2022-2-5
LEGNICA,2022,2,6,5.8,0.2,2022-2-6
LEGNICA,2022,2,7,3.6,0.3,2022-2-7
LEGNICA,2022,2,8,5.3,0.2,2022-2-8
LEGNICA,2022,2,9,8.4,0.0,2022-2-9
LEGNICA,2022,2,10,9.0,2.3,2022-2-10
LEGNICA,2022,2,11,3.0,5.5,2022-2-11
LEGNICA,2022,2,12,1.6,0.0,2022-2-12
LEGNICA,2022,2,13,2.6,0.0,2022-2-13
LEGNICA,2022,2,14,4.8,0.0,2022-2-14
LEGNICA,2022,2,15,5.6,0.0,2022-2-15
LEGNICA,2022,2,16,6.6,3.1,2022-2-16
LEGNICA,2022,2,17,9.4,0.5,2022-2-17
LEGNICA,2022,2,18,7.6,0.4,2022-2-18
LEGNICA,2022,2,19,6.4,0.0,2022-2-19
LEGNICA,2022,2,20,6.5,0.8,2022-2-20
LEGNICA,2022,2,21,7.3,0.3,2022-2-21
LEGNICA,2022,2,22,4.3,1.0,2022-2-22
LEGNICA,2022,2,23,5.8,0.0,2022-2-23
LEGNICA,2022,2,24,5.5,0.3,2022-2-24
LEGNICA,2022,2,25,5.2,2.5,2022-2-25
LEGNICA,2022,2,26,3.6,0.4,2022-2-26
LEGNICA,2022,2,27,0.4,0.0,2022-2-27
LEGNICA,2022,2,28,-0.4,0.0,2022-2-28
LEGNICA,2022,3,1,-1.0,0.0,2022-3-1
LEGNICA,2022,3,2,-1.3,0.0,2022-3-2
LEGNICA,2022,3,3,-0.2,0.0,2022-3-3
LEGNICA,2022,3,4,1.0,0.7,2022-3-4
LEGNICA,2022,3,5,1.1,0.0,2022-3-5
LEGNICA,2022,3,6,-0.2,0.0,2022-3-6
LEGNICA,2022,3,7,1.7,0.0,2022-3-7
LEGNICA,2022,3,8,1.0,0.0,2022-3-8
LEGNICA,2022,3,9,2.9,0.0,2022-3-9
LEGNICA,2022,3,10,0.7,0.0,2022-3-10
LEGNICA,2022,3,11,0.2,0.0,2022-3-11
LEGNICA,2022,3,12,2.2,0.0,2022-3-12
LEGNICA,2022,3,13,3.4,0.0,2022-3-13
LEGNICA,2022,3,14,6.2,0.0,2022-3-14
LEGNICA,2022,3,15,8.7,1.5,2022-3-15
LEGNICA,2022,3,16,7.2,0.0,2022-3-16
LEGNICA,2022,3,17,4.5,0.0,2022-3-17
LEGNICA,2022,3,18,5.0,0.0,2022-3-18
LEGNICA,2022,3,19,3.7,0.0,2022-3-19
LEGNICA,2022,3,20,3.7,0.0,2022-3-20
LEGNICA,2022,3,21,4.9,0.0,2022-3-21
LEGNICA,2022,3,22,7.3,0.0,2022-3-22
LEGNICA,2022,3,23,9.6,0.0,2022-3-23
LEGNICA,2022,3,24,7.1,0.0,2022-3-24
LEGNICA,2022,3,25,6.6,0.0,2022-3-25
LEGNICA,2022,3,26,10.4,0.0,2022-3-26
LEGNICA,2022,3,27,8.0,0.0,2022-3-27
LEGNICA,2022,3,28,9.9,0.0,2022-3-28
LEGNICA,2022,3,29,6.9,0.0,2022-3-29
LEGNICA,2022,3,30,4.4,3.6,2022-3-30
LEGNICA,2022,3,31,2.2,1.0,2022-3-31
LEGNICA,2022,4,1,1.8,0.8,2022-4-1
LEGNICA,2022,4,2,3.0,0.0,2022-4-2
LEGNICA,2022,4,3,0.5,0.0,2022-4-3
LEGNICA,2022,4,4,5.0,0.1,2022-4-4
LEGNICA,2022,4,5,6.5,2.6,2022-4-5
LEGNICA,2022,4,6,11.0,0.0,2022-4-6
LEGNICA,2022,4,7,11.4,5.3,2022-4-7
LEGNICA,2022,4,8,8.0,2.2,2022-4-8
LEGNICA,2022,4,9,5.7,0.8,2022-4-9
LEGNICA,2022,4,10,4.4,0.5,2022-4-10
LEGNICA,2022,4,11,5.8,0.0,2022-4-11
LEGNICA,2022,4,12,6.9,0.0,2022-4-12
LEGNICA,2022,4,13,11.1,0.0,2022-4-13
LEGNICA,2022,4,14,14.0,1.4,2022-4-14
LEGNICA,2022,4,15,10.0,1.6,2022-4-15
LEGNICA,2022,4,16,6.1,0.0,2022-4-16
LEGNICA,2022,4,17,6.1,0.0,2022-4-17
LEGNICA,2022,4,18,7.8,0.0,2022-4-18
LEGNICA,2022,4,19,5.9,1.2,2022-4-19
LEGNICA,2022,4,20,4.4,4.4,2022-4-20
LEGNICA,2022,4,21,8.3,0.2,2022-4-21
LEGNICA,2022,4,22,9.4,0.0,2022-4-22
LEGNICA,2022,4,23,9.2,0.0,2022-4-23
LEGNICA,2022,4,24,8.3,12.6,2022-4-24
LEGNICA,2022,4,25,7.8,0.5,2022-4-25
LEGNICA,2022,4,26,9.4,0.0,2022-4-26
LEGNICA,2022,4,27,10.0,0.0,2022-4-27
LEGNICA,2022,4,28,11.4,0.0,2022-4-28
LEGNICA,2022,4,29,11.2,0.0,2022-4-29
LEGNICA,2022,4,30,10.2,0.0,2022-4-30
LEGNICA,2022,5,1,11.6,0.0,2022-5-1
LEGNICA,2022,5,2,12.8,0.0,2022-5-2
LEGNICA,2022,5,3,13.2,0.0,2022-5-3
LEGNICA,2022,5,4,13.2,0.0,2022-5-4
LEGNICA,2022,5,5,12.7,0.7,2022-5-5
LEGNICA,2022,5,6,13.0,0.0,2022-5-6
LEGNICA,2022,5,7,14.7,0.0,2022-5-7
LEGNICA,2022,5,8,13.9,0.0,2022-5-8
LEGNICA,2022,5,9,13.2,0.0,2022-5-9
LEGNICA,2022,5,10,15.0,0.0,2022-5-10
LEGNICA,2022,5,11,20.8,0.0,2022-5-11
LEGNICA,2022,5,12,19.8,0.0,2022-5-12
LEGNICA,2022,5,13,16.0,0.0,2022-5-13
LEGNICA,2022,5,14,15.3,0.0,2022-5-14
LEGNICA,2022,5,15,15.6,0.0,2022-5-15
LEGNICA,2022,5,16,16.0,0.0,2022-5-16
LEGNICA,2022,5,17,15.0,0.3,2022-5-17
LEGNICA,2022,5,18,13.4,0.0,2022-5-18
LEGNICA,2022,5,19,17.0,0.0,2022-5-19
LEGNICA,2022,5,20,22.1,1.1,2022-5-20
LEGNICA,2022,5,21,16.7,0.2,2022-5-21
LEGNICA,2022,5,22,14.2,0.0,2022-5-22
LEGNICA,2022,5,23,14.8,0.0,2022-5-23
LEGNICA,2022,5,24,17.9,1.1,2022-5-24
LEGNICA,2022,5,25,15.0,0.6,2022-5-25
LEGNICA,2022,5,26,16.7,0.0,2022-5-26
LEGNICA,2022,5,27,14.3,5.8,2022-5-27
LEGNICA,2022,5,28,11.7,0.8,2022-5-28
LEGNICA,2022,5,29,11.7,0.0,2022-5-29
LEGNICA,2022,5,30,11.2,0.0,2022-5-30
LEGNICA,2022,5,31,13.6,0.4,2022-5-31
LEGNICA,2022,6,1,16.2,0.5,2022-6-1
LEGNICA,2022,6,2,15.1,0.0,2022-6-2
LEGNICA,2022,6,3,17.2,0.0,2022-6-3
LEGNICA,2022,6,4,17.2,0.8,2022-6-4
LEGNICA,2022,6,5,19.4,0.0,2022-6-5
LEGNICA,2022,6,6,18.3,4.6,2022-6-6
LEGNICA,2022,6,7,16.8,3.7,2022-6-7
LEGNICA,2022,6,8,18.8,0.0,2022-6-8
LEGNICA,2022,6,9,17.2,0.0,2022-6-9
LEGNICA,2022,6,10,19.9,0.0,2022-6-10
LEGNICA,2022,6,11,19.1,0.0,2022-6-11
LEGNICA,2022,6,12,22.6,0.5,2022-6-12
LEGNICA,2022,6,13,17.4,1.3,2022-6-13
LEGNICA,2022,6,14,15.2,0.0,2022-6-14
LEGNICA,2022,6,15,17.3,0.0,2022-6-15
LEGNICA,2022,6,16,20.2,2.7,2022-6-16
LEGNICA,2022,6,17,19.3,0.0,2022-6-17
LEGNICA,2022,6,18,24.7,0.0,2022-6-18
LEGNICA,2022,6,19,27.8,0.0,2022-6-19
LEGNICA,2022,6,20,18.0,0.1,2022-6-20
LEGNICA,2022,6,21,16.6,0.0,2022-6-21
LEGNICA,2022,6,22,19.7,0.0,2022-6-22
LEGNICA,2022,6,23,21.6,0.0,2022-6-23
LEGNICA,2022,6,24,22.9,0.5,2022-6-24
LEGNICA,2022,6,25,22.7,0.2,2022-6-25
LEGNICA,2022,6,26,24.6,0.0,2022-6-26
LEGNICA,2022,6,27,26.6,0.0,2022-6-27
LEGNICA,2022,6,28,22.9,4.1,2022-6-28
LEGNICA,2022,6,29,20.8,28.6,2022-6-29
LEGNICA,2022,6,30,24.1,0.0,2022-6-30
LEGNICA,2022,7,1,21.4,10.5,2022-7-1
LEGNICA,2022,7,2,19.0,0.0,2022-7-2
LEGNICA,2022,7,3,20.2,0.0,2022-7-3
LEGNICA,2022,7,4,22.6,0.9,2022-7-4
LEGNICA,2022,7,5,19.9,1.6,2022-7-5
LEGNICA,2022,7,6,18.0,0.0,2022-7-6
LEGNICA,2022,7,7,16.3,1.2,2022-7-7
LEGNICA,2022,7,8,17.5,0.0,2022-7-8
LEGNICA,2022,7,9,17.6,0.0,2022-7-9
LEGNICA,2022,7,10,15.6,0.1,2022-7-10
LEGNICA,2022,7,11,16.8,0.6,2022-7-11
LEGNICA,2022,7,12,19.2,0.0,2022-7-12
LEGNICA,2022,7,13,22.9,0.0,2022-7-13
LEGNICA,2022,7,14,22.4,0.1,2022-7-14
LEGNICA,2022,7,15,16.7,0.0,2022-7-15
LEGNICA,2022,7,16,16.0,0.2,2022-7-16
LEGNICA,2022,7,17,16.5,0.0,2022-7-17
LEGNICA,2022,7,18,20.2,0.0,2022-7-18
LEGNICA,2022,7,19,24.6,0.0,2022-7-19
LEGNICA,2022,7,20,26.5,0.0,2022-7-20
LEGNICA,2022,7,21,27.3,0.8,2022-7-21
LEGNICA,2022,7,22,25.3,0.0,2022-7-22
LEGNICA,2022,7,23,22.2,0.1,2022-7-23
LEGNICA,2022,7,24,21.3,0.0,2022-7-24
LEGNICA,2022,7,25,24.3,0.1,2022-7-25
LEGNICA,2022,7,26,22.1,0.0,2022-7-26
LEGNICA,2022,7,27,17.3,0.1,2022-7-27
LEGNICA,2022,7,28,17.7,0.0,2022-7-28
LEGNICA,2022,7,29,19.8,0.9,2022-7-29
LEGNICA,2022,7,30,16.2,38.0,2022-7-30
LEGNICA,2022,7,31,20.4,0.0,2022-7-31
LEGNICA,2022,8,1,20.9,0.0,2022-8-1
LEGNICA,2022,8,2,21.5,0.0,2022-8-2
LEGNICA,2022,8,3,24.6,0.0,2022-8-3
LEGNICA,2022,8,4,26.2,0.0,2022-8-4
LEGNICA,2022,8,5,27.5,14.7,2022-8-5
LEGNICA,2022,8,6,18.5,0.0,2022-8-6
LEGNICA,2022,8,7,16.9,0.0,2022-8-7
LEGNICA,2022,8,8,17.8,0.0,2022-8-8
LEGNICA,2022,8,9,19.3,0.0,2022-8-9
LEGNICA,2022,8,10,19.5,0.0,2022-8-10
LEGNICA,2022,8,11,19.7,0.0,2022-8-11
LEGNICA,2022,8,12,20.1,0.8,2022-8-12
LEGNICA,2022,8,13,19.3,5.6,2022-8-13
LEGNICA,2022,8,14,20.8,15.0,2022-8-14
LEGNICA,2022,8,15,21.8,3.3,2022-8-15
LEGNICA,2022,8,16,23.4,0.0,2022-8-16
LEGNICA,2022,8,17,24.5,0.0,2022-8-17
LEGNICA,2022,8,18,25.3,0.0,2022-8-18
LEGNICA,2022,8,19,24.5,0.0,2022-8-19
LEGNICA,2022,8,20,21.2,30.0,2022-8-20
LEGNICA,2022,8,21,17.2,25.1,2022-8-21
LEGNICA,2022,8,22,15.6,28.9,2022-8-22
LEGNICA,2022,8,23,17.6,14.7,2022-8-23
LEGNICA,2022,8,24,20.5,0.1,2022-8-24
LEGNICA,2022,8,25,20.9,0.0,2022-8-25
LEGNICA,2022,8,26,22.7,14.4,2022-8-26
LEGNICA,2022,8,27,22.0,0.0,2022-8-27
LEGNICA,2022,8,28,19.0,1.2,2022-8-28
LEGNICA,2022,8,29,17.7,0.0,2022-8-29
LEGNICA,2022,8,30,17.9,0.0,2022-8-30
LEGNICA,2022,8,31,16.5,0.0,2022-8-31
LEGNICA,2022,9,1,15.3,0.0,2022-9-1
LEGNICA,2022,9,2,14.7,0.0,2022-9-2
LEGNICA,2022,9,3,15.7,0.0,2022-9-3
LEGNICA,2022,9,4,16.1,0.0,2022-9-4
LEGNICA,2022,9,5,17.1,0.6,2022-9-5
LEGNICA,2022,9,6,16.2,0.0,2022-9-6
LEGNICA,2022,9,7,18.6,0.0,2022-9-7
LEGNICA,2022,9,8,18.4,19.7,2022-9-8
LEGNICA,2022,9,9,17.8,3.9,2022-9-9
LEGNICA,2022,9,10,17.0,13.9,2022-9-10
LEGNICA,2022,9,11,15.5,1.6,2022-9-11
LEGNICA,2022,9,12,15.4,0.0,2022-9-12
LEGNICA,2022,9,13,16.0,0.0,2022-9-13
LEGNICA,2022,9,14,15.9,11.6,2022-9-14
LEGNICA,2022,9,15,15.4,0.0,2022-9-15
LEGNICA,2022,9,16,13.8,0.0,2022-9-16
LEGNICA,2022,9,17,11.9,0.8,2022-9-17
LEGNICA,2022,9,18,10.6,3.3,2022-9-18
LEGNICA,2022,9,19,10.0,2.4,2022-9-19
LEGNICA,2022,9,20,11.2,0.0,2022-9-20
LEGNICA,2022,9,21,10.5,0.0,2022-9-21
LEGNICA,2022,9,22,10.1,0.0,2022-9-22
LEGNICA,2022,9,23,9.9,0.0,2022-9-23
LEGNICA,2022,9,24,10.8,0.0,2022-9-24
LEGNICA,2022,9,25,11.6,0.1,2022-9-25
LEGNICA,2022,9,26,10.7,3.8,2022-9-26
LEGNICA,2022,9,27,11.4,1.0,2022-9-27
LEGNICA,2022,9,28,9.2,1.7,2022-9-28
LEGNICA,2022,9,29,8.6,0.0,2022-9-29
LEGNICA,2022,9,30,9.2,0.0,2022-9-30
LEGNICA,2022,10,1,10.5,0.8,2022-10-1
LEGNICA,2022,10,2,12.3,4.9,2022-10-2
LEGNICA,2022,10,3,11.7,2.4,2022-10-3
LEGNICA,2022,10,4,12.1,0.0,2022-10-4
LEGNICA,2022,10,5,12.7,0.0,2022-10-5
LEGNICA,2022,10,6,13.6,0.0,2022-10-6
LEGNICA,2022,10,7,11.8,0.0,2022-10-7
LEGNICA,2022,10,8,14.0,0.0,2022-10-8
LEGNICA,2022,10,9,10.5,0.0,2022-10-9
LEGNICA,2022,10,10,10.8,0.1,2022-10-10
LEGNICA,2022,10,11,11.2,0.0,2022-10-11
LEGNICA,2022,10,12,7.7,0.0,2022-10-12
LEGNICA,2022,10,13,9.6,0.0,2022-10-13
LEGNICA,2022,10,14,11.6,0.0,2022-10-14
LEGNICA,2022,10,15,14.2,0.0,2022-10-15
LEGNICA,2022,10,16,17.3,0.0,2022-10-16
LEGNICA,2022,10,17,16.8,0.0,2022-10-17
LEGNICA,2022,10,18,14.0,2.5,2022-10-18
LEGNICA,2022,10,19,10.6,0.1,2022-10-19
LEGNICA,2022,10,20,7.3,0.0,2022-10-20
LEGNICA,2022,10,21,11.4,3.4,2022-10-21
LEGNICA,2022,10,22,11.9,6.0,2022-10-22
LEGNICA,2022,10,23,13.8,0.4,2022-10-23
LEGNICA,2022,10,24,15.8,0.0,2022-10-24
LEGNICA,2022,10,25,14.1,0.0,2022-10-25
LEGNICA,2022,10,26,11.4,0.0,2022-10-26
LEGNICA,2022,10,27,13.0,0.1,2022-10-27
LEGNICA,2022,10,28,13.7,0.0,2022-10-28
LEGNICA,2022,10,29,16.5,0.0,2022-10-29
LEGNICA,2022,10,30,14.2,0.0,2022-10-30
LEGNICA,2022,10,31,13.2,0.0,2022-10-31
LEGNICA,2022,11,1,12.4,0.0,2022-11-1
LEGNICA,2022,11,2,11.5,0.0,2022-11-2
LEGNICA,2022,11,3,8.8,0.0,2022-11-3
LEGNICA,2022,11,4,10.2,18.1,2022-11-4
LEGNICA,2022,11,5,8.5,0.2,2022-11-5
LEGNICA,2022,11,6,6.1,0.0,2022-11-6
LEGNICA,2022,11,7,8.6,0.0,2022-11-7
LEGNICA,2022,11,8,10.5,0.0,2022-11-8
LEGNICA,2022,11,9,11.2,1.8,2022-11-9
LEGNICA,2022,11,10,10.7,0.0,2022-11-10
LEGNICA,2022,11,11,10.1,0.0,2022-11-11
LEGNICA,2022,11,12,7.5,0.0,2022-11-12
LEGNICA,2022,11,13,6.8,0.0,2022-11-13
LEGNICA,2022,11,14,5.7,0.0,2022-11-14
LEGNICA,2022,11,15,5.3,0.0,2022-11-15
LEGNICA,2022,11,16,4.3,11.8,2022-11-16
LEGNICA,2022,11,17,3.4,0.0,2022-11-17
LEGNICA,2022,11,18,-0.3,0.0,2022-11-18
LEGNICA,2022,11,19,-1.8,0.1,2022-11-19
LEGNICA,2022,11,20,-2.4,0.2,2022-11-20
LEGNICA,2022,11,21,-0.3,0.0,2022-11-21
LEGNICA,2022,11,22,0.4,0.0,2022-11-22
LEGNICA,2022,11,23,1.2,0.0,2022-11-23
LEGNICA,2022,11,24,1.8,0.0,2022-11-24
LEGNICA,2022,11,25,4.3,3.1,2022-11-25
LEGNICA,2022,11,26,6.2,5.4,2022-11-26
LEGNICA,2022,11,27,4.9,0.1,2022-11-27
LEGNICA,2022,11,28,2.7,0.0,2022-11-28
LEGNICA,2022,11,29,4.1,0.0,2022-11-29
LEGNICA,2022,11,30,-0.2,0.0,2022-11-30
LEGNICA,2022,12,1,0.7,0.0,2022-12-1
LEGNICA,2022,12,2,0.0,0.0,2022-12-2
LEGNICA,2022,12,3,0.0,0.1,2022-12-3
LEGNICA,2022,12,4,2.2,0.0,2022-12-4
LEGNICA,2022,12,5,3.0,2.1,2022-12-5
LEGNICA,2022,12,6,3.1,2.1,2022-12-6
LEGNICA,2022,12,7,2.3,0.0,2022-12-7
LEGNICA,2022,12,8,2.6,0.0,2022-12-8
LEGNICA,2022,12,9,1.7,0.0,2022-12-9
LEGNICA,2022,12,10,0.4,0.2,2022-12-10
LEGNICA,2022,12,11,-1.7,0.1,2022-12-11
LEGNICA,2022,12,12,-1.5,0.1,2022-12-12
LEGNICA,2022,12,13,-3.3,0.0,2022-12-13
LEGNICA,2022,12,14,-6.0,0.0,2022-12-14
LEGNICA,2022,12,15,-4.0,0.0,2022-12-15
LEGNICA,2022,12,16,-3.5,0.3,2022-12-16
LEGNICA,2022,12,17,-3.9,0.0,2022-12-17
LEGNICA,2022,12,18,-6.0,0.0,2022-12-18
LEGNICA,2022,12,19,-1.3,0.0,2022-12-19
LEGNICA,2022,12,20,2.8,0.0,2022-12-20
LEGNICA,2022,12,21,3.4,1.1,2022-12-21
LEGNICA,2022,12,22,7.2,0.4,2022-12-22
LEGNICA,2022,12,23,7.5,3.7,2022-12-23
LEGNICA,2022,12,24,8.7,2.7,2022-12-24
LEGNICA,2022,12,25,6.4,0.3,2022-12-25
LEGNICA,2022,12,26,10.4,1.9,2022-12-26
LEGNICA,2022,12,27,4.7,0.0,2022-12-27
LEGNICA,2022,12,28,4.4,0.0,2022-12-28
LEGNICA,2022,12,29,8.0,0.0,2022-12-29
LEGNICA,2022,12,30,7.4,0.0,2022-12-30
LEGNICA,2022,12,31,12.3,0.0,2022-12-31
LEGNICA,2023,1,2,11.9,0.3,2023-1-2
LEGNICA,2023,1,3,7.0,0.1,2023-1-3
LEGNICA,2023,1,4,5.9,4.6,2023-1-4
LEGNICA,2023,1,5,9.4,0.7,2023-1-5
LEGNICA,2023,1,6,6.4,0.3,2023-1-6
LEGNICA,2023,1,7,7.3,0.0,2023-1-7
LEGNICA,2023,1,8,5.3,0.0,2023-1-8
LEGNICA,2023,1,9,5.5,1.6,2023-1-9
LEGNICA,2023,1,10,5.7,0.0,2023-1-10
LEGNICA,2023,1,11,4.8,1.7,2023-1-11
LEGNICA,2023,1,12,7.5,0.3,2023-1-12
LEGNICA,2023,1,13,9.0,0.2,2023-1-13
LEGNICA,2023,1,14,7.0,0.5,2023-1-14
LEGNICA,2023,1,15,6.8,1.7,2023-1-15
LEGNICA,2023,1,16,3.7,0.0,2023-1-16
LEGNICA,2023,1,17,3.3,0.0,2023-1-17
LEGNICA,2023,1,18,0.1,2.6,2023-1-18
LEGNICA,2023,1,19,0.1,0.0,2023-1-19
LEGNICA,2023,1,20,-0.9,0.0,2023-1-20
LEGNICA,2023,1,21,-0.4,3.2,2023-1-21
LEGNICA,2023,1,22,0.5,1.6,2023-1-22
LEGNICA,2023,1,23,0.8,0.0,2023-1-23
LEGNICA,2023,1,24,1.6,0.0,2023-1-24
LEGNICA,2023,1,25,1.4,0.0,2023-1-25
LEGNICA,2023,1,26,0.4,0.0,2023-1-26
LEGNICA,2023,1,27,0.4,0.0,2023-1-27
LEGNICA,2023,1,28,-0.9,0.0,2023-1-28
LEGNICA,2023,1,29,-0.4,0.0,2023-1-29
LEGNICA,2023,1,30,2.6,0.8,2023-1-30
LEGNICA,2023,1,31,3.4,1.7,2023-1-31
LEGNICA,2023,2,1,4.1,2.4,2023-2-1
LEGNICA,2023,2,2,3.3,0.7,2023-2-2
LEGNICA,2023,2,3,3.2,9.5,2023-2-3
LEGNICA,2023,2,4,0.9,0.1,2023-2-4
LEGNICA,2023,2,5,-2.8,0.0,2023-2-5
LEGNICA,2023,2,6,-2.9,0.0,2023-2-6
LEGNICA,2023,2,7,-3.5,0.0,2023-2-7
LEGNICA,2023,2,8,-1.2,0.0,2023-2-8
LEGNICA,2023,2,9,0.8,0.0,2023-2-9
LEGNICA,2023,2,10,0.6,0.0,2023-2-10
LEGNICA,2023,2,11,4.1,1.0,2023-2-11
LEGNICA,2023,2,12,6.2,0.4,2023-2-12
LEGNICA,2023,2,13,5.8,0.1,2023-2-13
LEGNICA,2023,2,14,4.2,0.0,2023-2-14
LEGNICA,2023,2,15,1.6,0.0,2023-2-15
LEGNICA,2023,2,16,3.3,0.0,2023-2-16
LEGNICA,2023,2,17,9.8,1.6,2023-2-17
LEGNICA,2023,2,18,8.3,10.5,2023-2-18
LEGNICA,2023,2,19,4.7,4.1,2023-2-19
LEGNICA,2023,2,20,7.5,0.0,2023-2-20
LEGNICA,2023,2,21,9.2,0.2,2023-2-21
LEGNICA,2023,2,22,6.6,0.0,2023-2-22
LEGNICA,2023,2,23,5.5,2.3,2023-2-23
LEGNICA,2023,2,24,6.3,0.3,2023-2-24
LEGNICA,2023,2,25,2.4,0.8,2023-2-25
LEGNICA,2023,2,26,0.6,0.0,2023-2-26
LEGNICA,2023,2,27,0.3,0.0,2023-2-27
LEGNICA,2023,2,28,0.8,0.0,2023-2-28
LEGNICA,2023,3,1,-0.8,0.0,2023-3-1
LEGNICA,2023,3,2,0.3,0.0,2023-3-2
LEGNICA,2023,3,3,-0.4,0.0,2023-3-3
LEGNICA,2023,3,4,3.0,0.1,2023-3-4
LEGNICA,2023,3,5,1.5,0.8,2023-3-5
LEGNICA,2023,3,6,1.9,0.1,2023-3-6
LEGNICA,2023,3,7,3.4,1.4,2023-3-7
LEGNICA,2023,3,8,2.2,2.8,2023-3-8
LEGNICA,2023,3,9,2.4,3.3,2023-3-9
LEGNICA,2023,3,10,9.5,0.4,2023-3-10
LEGNICA,2023,3,11,2.2,2.1,2023-3-11
LEGNICA,2023,3,12,2.6,0.4,2023-3-12
LEGNICA,2023,3,13,10.2,1.5,2023-3-13
LEGNICA,2023,3,14,10.7,4.0,2023-3-14
LEGNICA,2023,3,15,2.7,0.0,2023-3-15
LEGNICA,2023,3,16,3.3,0.0,2023-3-16
LEGNICA,2023,3,17,6.8,0.0,2023-3-17
LEGNICA,2023,3,18,9.3,0.0,2023-3-18
LEGNICA,2023,3,19,8.0,0.3,2023-3-19
LEGNICA,2023,3,20,10.7,1.9,2023-3-20
LEGNICA,2023,3,21,9.2,0.4,2023-3-21
LEGNICA,2023,3,22,12.2,0.0,2023-3-22
LEGNICA,2023,3,23,13.8,0.0,2023-3-23
LEGNICA,2023,3,24,13.6,0.1,2023-3-24
LEGNICA,2023,3,25,9.0,0.6,2023-3-25
LEGNICA,2023,3,26,9.2,2.2,2023-3-26
LEGNICA,2023,3,27,3.4,2.2,2023-3-27
LEGNICA,2023,3,28,1.2,0.2,2023-3-28
LEGNICA,2023,3,29,4.2,0.0,2023-3-29
LEGNICA,2023,3,30,11.1,0.0,2023-3-30
LEGNICA,2023,3,31,10.5,10.0,2023-3-31
LEGNICA,2023,4,1,9.9,8.5,2023-4-1
LEGNICA,2023,4,2,4.1,0.0,2023-4-2
LEGNICA,2023,4,3,2.4,0.0,2023-4-3
LEGNICA,2023,4,4,1.2,0.0,2023-4-4
LEGNICA,2023,4,5,1.7,0.0,2023-4-5
LEGNICA,2023,4,6,2.9,0.0,2023-4-6
LEGNICA,2023,4,7,3.6,4.1,2023-4-7
LEGNICA,2023,4,8,5.5,0.0,2023-4-8
LEGNICA,2023,4,9,6.8,0.3,2023-4-9
LEGNICA,2023,4,10,9.8,0.0,2023-4-10
LEGNICA,2023,4,11,7.5,4.2,2023-4-11
LEGNICA,2023,4,12,8.5,0.0,2023-4-12
LEGNICA,2023,4,13,8.2,4.5,2023-4-13
LEGNICA,2023,4,14,8.2,6.8,2023-4-14
LEGNICA,2023,4,15,9.6,0.0,2023-4-15
LEGNICA,2023,4,16,8.5,0.0,2023-4-16
LEGNICA,2023,4,17,8.9,0.6,2023-4-17
LEGNICA,2023,4,18,9.5,0.5,2023-4-18
LEGNICA,2023,4,19,5.8,1.1,2023-4-19
LEGNICA,2023,4,20,7.6,0.0,2023-4-20
LEGNICA,2023,4,21,11.1,0.0,2023-4-21
LEGNICA,2023,4,22,12.1,0.0,2023-4-22
LEGNICA,2023,4,23,14.7,0.0,2023-4-23
LEGNICA,2023,4,24,12.7,0.4,2023-4-24
LEGNICA,2023,4,25,8.9,0.0,2023-4-25
LEGNICA,2023,4,26,6.0,0.0,2023-4-26
LEGNICA,2023,4,27,6.7,0.0,2023-4-27
LEGNICA,2023,4,28,10.6,1.0,2023-4-28
LEGNICA,2023,4,29,11.8,3.8,2023-4-29
LEGNICA,2023,4,30,10.7,0.0,2023-4-30
LEGNICA,2023,5,1,11.0,0.0,2023-5-1
LEGNICA,2023,5,2,14.6,0.0,2023-5-2
LEGNICA,2023,5,3,10.3,0.0,2023-5-3
LEGNICA,2023,5,4,10.3,0.0,2023-5-4
LEGNICA,2023,5,5,13.4,4.4,2023-5-5
LEGNICA,2023,5,6,9.7,4.9,2023-5-6
LEGNICA,2023,5,7,8.6,0.0,2023-5-7
LEGNICA,2023,5,8,8.7,0.0,2023-5-8
LEGNICA,2023,5,9,10.4,0.0,2023-5-9
LEGNICA,2023,5,10,13.9,0.0,2023-5-10
LEGNICA,2023,5,11,15.0,0.0,2023-5-11
LEGNICA,2023,5,12,14.0,0.0,2023-5-12
LEGNICA,2023,5,13,12.8,0.0,2023-5-13
LEGNICA,2023,5,14,13.0,7.9,2023-5-14
LEGNICA,2023,5,15,12.3,3.4,2023-5-15
LEGNICA,2023,5,16,11.7,1.0,2023-5-16
LEGNICA,2023,5,17,10.4,0.0,2023-5-17
LEGNICA,2023,5,18,10.8,0.0,2023-5-18
LEGNICA,2023,5,19,10.8,0.0,2023-5-19
LEGNICA,2023,5,20,13.6,0.0,2023-5-20
LEGNICA,2023,5,21,18.1,0.0,2023-5-21
LEGNICA,2023,5,22,17.2,0.0,2023-5-22
LEGNICA,2023,5,23,15.2,13.7,2023-5-23
LEGNICA,2023,5,24,12.2,0.0,2023-5-24
LEGNICA,2023,5,25,13.7,0.0,2023-5-25
LEGNICA,2023,5,26,14.8,0.0,2023-5-26
LEGNICA,2023,5,27,12.5,0.0,2023-5-27
LEGNICA,2023,5,28,13.4,0.0,2023-5-28
LEGNICA,2023,5,29,15.6,0.0,2023-5-29
LEGNICA,2023,5,30,15.5,0.0,2023-5-30
LEGNICA,2023,5,31,16.0,0.0,2023-5-31
LEGNICA,2023,6,1,18.5,0.0,2023-6-1
LEGNICA,2023,6,2,14.3,0.0,2023-6-2
LEGNICA,2023,6,3,11.6,0.0,2023-6-3
LEGNICA,2023,6,4,14.1,0.0,2023-6-4
LEGNICA,2023,6,5,16.6,1.2,2023-6-5
LEGNICA,2023,6,6,17.9,0.0,2023-6-6
LEGNICA,2023,6,7,18.4,0.0,2023-6-7
LEGNICA,2023,6,8,19.9,0.0,2023-6-8
LEGNICA,2023,6,9,18.6,0.0,2023-6-9
LEGNICA,2023,6,10,19.7,0.0,2023-6-10
LEGNICA,2023,6,11,18.7,0.0,2023-6-11
LEGNICA,2023,6,12,17.1,0.0,2023-6-12
LEGNICA,2023,6,13,13.3,0.1,2023-6-13
LEGNICA,2023,6,14,13.9,0.4,2023-6-14
LEGNICA,2023,6,15,15.6,0.6,2023-6-15
LEGNICA,2023,6,16,15.2,17.8,2023-6-16
LEGNICA,2023,6,17,16.6,0.8,2023-6-17
LEGNICA,2023,6,18,18.7,0.0,2023-6-18
LEGNICA,2023,6,19,20.0,0.0,2023-6-19
LEGNICA,2023,6,20,22.9,2.4,2023-6-20
LEGNICA,2023,6,21,24.4,0.0,2023-6-21
LEGNICA,2023,6,22,23.5,10.5,2023-6-22
LEGNICA,2023,6,23,21.6,14.3,2023-6-23
LEGNICA,2023,6,24,18.5,0.1,2023-6-24
LEGNICA,2023,6,25,19.3,0.0,2023-6-25
LEGNICA,2023,6,26,21.5,8.2,2023-6-26
LEGNICA,2023,6,27,16.9,0.9,2023-6-27
LEGNICA,2023,6,28,16.2,0.0,2023-6-28
LEGNICA,2023,6,29,19.7,0.0,2023-6-29
LEGNICA,2023,6,30,19.6,0.3,2023-6-30
LEGNICA,2023,7,1,20.3,0.1,2023-7-1
LEGNICA,2023,7,2,19.4,0.2,2023-7-2
LEGNICA,2023,7,3,19.4,0.0,2023-7-3
LEGNICA,2023,7,4,19.6,0.0,2023-7-4
LEGNICA,2023,7,5,20.3,0.7,2023-7-5
LEGNICA,2023,7,6,18.8,0.0,2023-7-6
LEGNICA,2023,7,7,20.2,0.0,2023-7-7
LEGNICA,2023,7,8,22.4,0.0,2023-7-8
LEGNICA,2023,7,9,23.3,0.0,2023-7-9
LEGNICA,2023,7,10,21.4,1.5,2023-7-10
LEGNICA,2023,7,11,23.1,0.0,2023-7-11
LEGNICA,2023,7,12,23.1,3.0,2023-7-12
LEGNICA,2023,7,13,20.0,6.3,2023-7-13
LEGNICA,2023,7,14,18.9,0.0,2023-7-14
LEGNICA,2023,7,15,25.1,0.0,2023-7-15
LEGNICA,2023,7,16,24.2,2.1,2023-7-16
LEGNICA,2023,7,17,23.5,0.0,2023-7-17
LEGNICA,2023,7,18,20.3,0.0,2023-7-18
LEGNICA,2023,7,19,21.2,0.2,2023-7-19
LEGNICA,2023,7,20,18.3,6.5,2023-7-20
LEGNICA,2023,7,21,19.0,0.5,2023-7-21
LEGNICA,2023,7,22,18.4,0.0,2023-7-22
LEGNICA,2023,7,23,22.3,0.0,2023-7-23
LEGNICA,2023,7,24,23.3,0.0,2023-7-24
LEGNICA,2023,7,25,19.3,12.1,2023-7-25
LEGNICA,2023,7,26,15.5,0.1,2023-7-26
LEGNICA,2023,7,27,17.3,0.0,2023-7-27
LEGNICA,2023,7,28,20.5,0.0,2023-7-28
LEGNICA,2023,7,29,21.0,3.0,2023-7-29
LEGNICA,2023,7,30,20.2,5.3,2023-7-30
LEGNICA,2023,7,31,19.2,0.2,2023-7-31
LEGNICA,2023,8,1,19.9,2.1,2023-8-1
LEGNICA,2023,8,2,19.1,0.7,2023-8-2
LEGNICA,2023,8,3,22.0,0.0,2023-8-3
LEGNICA,2023,8,4,20.7,0.1,2023-8-4
LEGNICA,2023,8,5,16.6,34.2,2023-8-5
LEGNICA,2023,8,6,14.7,24.4,2023-8-6
LEGNICA,2023,8,7,15.8,4.0,2023-8-7
LEGNICA,2023,8,8,15.5,0.8,2023-8-8
LEGNICA,2023,8,9,15.1,3.2,2023-8-9
LEGNICA,2023,8,10,16.6,0.0,2023-8-10
LEGNICA,2023,8,11,17.8,0.0,2023-8-11
LEGNICA,2023,8,12,22.1,0.0,2023-8-12
LEGNICA,2023,8,13,24.0,0.0,2023-8-13
LEGNICA,2023,8,14,23.8,0.0,2023-8-14
LEGNICA,2023,8,15,27.6,0.0,2023-8-15
LEGNICA,2023,8,16,25.0,14.0,2023-8-16
LEGNICA,2023,8,17,22.1,0.0,2023-8-17
LEGNICA,2023,8,18,22.9,0.0,2023-8-18
LEGNICA,2023,8,19,24.0,0.0,2023-8-19
LEGNICA,2023,8,20,25.2,22.8,2023-8-20
LEGNICA,2023,8,21,23.1,4.2,2023-8-21
LEGNICA,2023,8,22,22.4,1.1,2023-8-22
LEGNICA,2023,8,23,21.5,0.0,2023-8-23
LEGNICA,2023,8,24,21.3,0.1,2023-8-24
LEGNICA,2023,8,25,24.1,0.1,2023-8-25
LEGNICA,2023,8,26,22.4,4.8,2023-8-26
LEGNICA,2023,8,27,18.2,5.3,2023-8-27
LEGNICA,2023,8,28,15.2,8.4,2023-8-28
LEGNICA,2023,8,29,14.0,0.5,2023-8-29
LEGNICA,2023,8,30,14.9,0.4,2023-8-30
LEGNICA,2023,8,31,14.8,3.9,2023-8-31
LEGNICA,2023,9,1,16.4,3.1,2023-9-1
LEGNICA,2023,9,2,18.0,0.0,2023-9-2
LEGNICA,2023,9,3,17.6,0.0,2023-9-3
LEGNICA,2023,9,4,17.8,0.0,2023-9-4
LEGNICA,2023,9,5,18.5,0.0,2023-9-5
LEGNICA,2023,9,6,18.5,0.0,2023-9-6
LEGNICA,2023,9,7,18.4,0.0,2023-9-7
LEGNICA,2023,9,8,19.0,0.0,2023-9-8
LEGNICA,2023,9,9,20.5,0.0,2023-9-9
LEGNICA,2023,9,10,20.7,0.0,2023-9-10
LEGNICA,2023,9,11,21.3,0.0,2023-9-11
LEGNICA,2023,9,12,21.4,0.0,2023-9-12
LEGNICA,2023,9,13,20.9,4.0,2023-9-13
LEGNICA,2023,9,14,16.8,0.0,2023-9-14
LEGNICA,2023,9,15,15.4,0.0,2023-9-15
LEGNICA,2023,9,16,17.4,0.0,2023-9-16
LEGNICA,2023,9,17,20.2,0.0,2023-9-17
LEGNICA,2023,9,18,21.4,2.4,2023-9-18
LEGNICA,2023,9,19,18.1,0.0,2023-9-19
LEGNICA,2023,9,20,18.2,0.0,2023-9-20
LEGNICA,2023,9,21,20.6,0.0,2023-9-21
LEGNICA,2023,9,22,17.3,3.9,2023-9-22
LEGNICA,2023,9,23,14.0,0.0,2023-9-23
LEGNICA,2023,9,24,12.8,0.0,2023-9-24
LEGNICA,2023,9,25,14.3,0.0,2023-9-25
LEGNICA,2023,9,26,16.3,0.1,2023-9-26
LEGNICA,2023,9,27,19.2,0.0,2023-9-27
LEGNICA,2023,9,28,19.0,0.0,2023-9-28
LEGNICA,2023,9,29,18.9,0.0,2023-9-29
LEGNICA,2023,9,30,16.5,0.0,2023-9-30
LEGNICA,2023,10,1,14.9,0.0,2023-10-1
LEGNICA,2023,10,2,19.0,0.0,2023-10-2
LEGNICA,2023,10,3,19.3,0.5,2023-10-3
LEGNICA,2023,10,4,13.6,0.0,2023-10-4
LEGNICA,2023,10,5,13.9,0.2,2023-10-5
LEGNICA,2023,10,6,14.8,0.0,2023-10-6
LEGNICA,2023,10,7,17.9,10.3,2023-10-7
LEGNICA,2023,10,8,10.6,5.2,2023-10-8
LEGNICA,2023,10,9,8.5,1.5,2023-10-9
LEGNICA,2023,10,10,11.7,1.2,2023-10-10
LEGNICA,2023,10,11,18.5,0.0,2023-10-11
LEGNICA,2023,10,12,17.0,2.8,2023-10-12
LEGNICA,2023,10,13,17.2,0.0,2023-10-13
LEGNICA,2023,10,14,15.9,1.1,2023-10-14
LEGNICA,2023,10,15,8.6,0.1,2023-10-15
LEGNICA,2023,10,16,7.2,0.2,2023-10-16
LEGNICA,2023,10,17,7.3,0.0,2023-10-17
LEGNICA,2023,10,18,5.7,0.0,2023-10-18
LEGNICA,2023,10,19,7.1,2.6,2023-10-19
LEGNICA,2023,10,20,8.7,2.4,2023-10-20
LEGNICA,2023,10,21,13.6,3.7,2023-10-21
LEGNICA,2023,10,22,12.2,4.3,2023-10-22
LEGNICA,2023,10,23,11.3,0.0,2023-10-23
LEGNICA,2023,10,24,11.3,2.4,2023-10-24
LEGNICA,2023,10,25,11.3,1.2,2023-10-25
LEGNICA,2023,10,26,11.4,0.5,2023-10-26
LEGNICA,2023,10,27,9.1,8.7,2023-10-27
LEGNICA,2023,10,28,11.0,0.0,2023-10-28
LEGNICA,2023,10,29,13.2,0.0,2023-10-29
LEGNICA,2023,10,30,14.4,3.5,2023-10-30
LEGNICA,2023,10,31,13.7,0.7,2023-10-31
LEGNICA,2023,11,1,12.0,0.0,2023-11-1
LEGNICA,2023,11,2,11.8,5.3,2023-11-2
LEGNICA,2023,11,3,9.7,18.5,2023-11-3
LEGNICA,2023,11,4,8.8,0.0,2023-11-4
LEGNICA,2023,11,5,11.0,0.3,2023-11-5
LEGNICA,2023,11,6,10.9,0.0,2023-11-6
LEGNICA,2023,11,7,10.2,0.0,2023-11-7
LEGNICA,2023,11,8,8.4,0.3,2023-11-8
LEGNICA,2023,11,9,8.6,0.0,2023-11-9
LEGNICA,2023,11,10,8.6,0.0,2023-11-10
LEGNICA,2023,11,11,5.5,0.4,2023-11-11
LEGNICA,2023,11,12,6.1,0.1,2023-11-12
LEGNICA,2023,11,13,7.0,3.7,2023-11-13
LEGNICA,2023,11,14,11.5,1.2,2023-11-14
LEGNICA,2023,11,15,8.4,1.5,2023-11-15
LEGNICA,2023,11,16,7.2,0.2,2023-11-16
LEGNICA,2023,11,17,4.1,0.1,2023-11-17
LEGNICA,2023,11,18,3.8,0.6,2023-11-18
LEGNICA,2023,11,19,6.2,7.1,2023-11-19
LEGNICA,2023,11,20,9.3,16.8,2023-11-20
LEGNICA,2023,11,21,4.9,2.1,2023-11-21
LEGNICA,2023,11,22,-1.5,0.0,2023-11-22
LEGNICA,2023,11,23,6.1,3.1,2023-11-23
LEGNICA,2023,11,24,4.2,0.6,2023-11-24
LEGNICA,2023,11,25,1.5,0.7,2023-11-25
LEGNICA,2023,11,26,-0.6,0.0,2023-11-26
LEGNICA,2023,11,27,-0.7,1.3,2023-11-27
LEGNICA,2023,11,28,-2.1,3.0,2023-11-28
LEGNICA,2023,11,29,-3.5,0.0,2023-11-29
LEGNICA,2023,11,30,-2.1,0.0,2023-11-30
LEGNICA,2023,12,1,-2.6,0.9,2023-12-1
LEGNICA,2023,12,2,-2.9,3.1,2023-12-2
LEGNICA,2023,12,3,-2.3,0.2,2023-12-3
LEGNICA,2023,12,4,-7.3,0.0,2023-12-4
LEGNICA,2023,12,5,-4.2,0.0,2023-12-5
LEGNICA,2023,12,6,-3.6,0.0,2023-12-6
LEGNICA,2023,12,7,0.4,0.0,2023-12-7
LEGNICA,2023,12,8,-1.3,0.4,2023-12-8
LEGNICA,2023,12,9,1.4,2.4,2023-12-9
LEGNICA,2023,12,10,4.2,1.1,2023-12-10
LEGNICA,2023,12,11,7.6,2.9,2023-12-11
LEGNICA,2023,12,12,6.6,0.0,2023-12-12
LEGNICA,2023,12,13,4.5,3.4,2023-12-13
LEGNICA,2023,12,14,3.7,2.8,2023-12-14
LEGNICA,2023,12,15,2.8,0.0,2023-12-15
LEGNICA,2023,12,16,6.3,0.0,2023-12-16
LEGNICA,2023,12,17,7.2,0.0,2023-12-17
LEGNICA,2023,12,18,7.6,0.0,2023-12-18
LEGNICA,2023,12,19,8.1,5.3,2023-12-19
LEGNICA,2023,12,20,6.0,1.2,2023-12-20
LEGNICA,2023,12,21,6.7,4.8,2023-12-21
LEGNICA,2023,12,22,3.6,1.4,2023-12-22
LEGNICA,2023,12,23,1.2,9.1,2023-12-23
LEGNICA,2023,12,24,5.1,4.6,2023-12-24
LEGNICA,2023,12,25,10.7,1.3,2023-12-25
LEGNICA,2023,12,26,9.9,1.0,2023-12-26
LEGNICA,2023,12,27,4.0,0.0,2023-12-27
LEGNICA,2023,12,28,5.2,0.0,2023-12-28
LEGNICA,2023,12,29,7.6,0.2,2023-12-29
LEGNICA,2023,12,30,7.4,0.3,2023-12-30
LEGNICA,2023,12,31,4.6,0.0,2023-12-31
